0.56,0.62,0.05,2.34,3.73,0
0.31,0.38,0.51,0.23,2.42,0
0.62,0.67,0.21,2.32,4.30,0
0.60,0.66,0.35,0.10,4.16,0
0.19,0.27,0.32,0.77,1.94,0
0.57,0.63,0.17,0.78,3.87,0
0.67,0.73,0.07,1.01,5.11,0
0.07,0.15,-0.15,0.17,1.34,0
0.49,0.56,0.12,1.87,3.31,0
0.67,0.72,-0.06,2.73,5.05,0
0.32,0.39,0.00,0.52,2.45,0
0.64,0.69,-0.12,7.01,4.52,0
0.24,0.32,0.28,2.06,2.12,0
0.25,0.32,-0.03,0.61,2.15,0
0.29,0.37,0.29,3.46,2.34,0
0.09,0.18,0.11,3.26,1.48,0
0.17,0.25,-0.04,3.10,1.83,1
0.67,0.72,0.20,0.25,5.03,0
0.02,0.11,0.14,5.87,0.93,0
0.42,0.49,0.25,0.20,2.93,0
0.46,0.53,0.36,0.75,3.13,0
0.10,0.19,0.09,0.72,1.52,1
0.04,0.13,0.43,0.50,1.16,0
0.59,0.65,0.16,1.16,4.02,0
0.28,0.35,0.05,3.72,2.28,0
0.17,0.25,0.15,2.58,1.82,1
0.04,0.13,0.13,5.78,1.11,1
0.03,0.12,0.39,0.78,1.01,1
0.34,0.41,0.12,2.52,2.52,0
0.27,0.34,0.37,0.98,2.24,1
0.12,0.20,0.09,1.83,1.60,0
0.50,0.56,0.51,0.90,3.35,0
0.48,0.55,0.03,1.65,3.25,0
0.74,0.79,0.12,5.34,8.18,0
0.35,0.42,0.33,0.79,2.59,0
0.71,0.77,0.07,3.89,6.24,0
0.53,0.60,0.11,0.10,3.58,0
0.26,0.34,0.29,0.38,2.21,0
0.48,0.54,0.54,1.48,3.22,0
0.48,0.55,0.23,4.35,3.26,0
0.08,0.17,0.09,1.81,1.41,1
0.27,0.34,0.33,0.87,2.23,0
0.30,0.38,0.14,0.33,2.37,0
0.09,0.18,0.10,1.99,1.47,0
0.72,0.77,0.47,8.98,6.56,0
0.47,0.53,0.30,1.25,3.16,0
0.40,0.47,-0.02,0.09,2.81,0
0.48,0.54,0.09,0.30,3.22,0
0.30,0.38,0.17,0.62,2.39,0
0.61,0.67,0.46,0.69,4.20,0
0.07,0.16,-0.16,0.65,1.37,1
0.19,0.27,0.04,0.95,1.91,1
0.40,0.47,0.14,0.76,2.81,0
0.61,0.67,0.10,5.02,4.26,0
0.61,0.67,0.06,0.89,4.23,0
0.26,0.34,0.12,0.65,2.22,0
0.63,0.69,0.43,0.82,4.48,0
0.05,0.14,0.25,0.28,1.22,0
0.29,0.37,-0.20,0.79,2.33,0
0.01,0.10,-0.01,0.41,0.65,1
0.08,0.16,0.19,1.02,1.39,0
0.59,0.64,0.20,0.31,3.99,0
0.36,0.43,0.01,0.79,2.64,0
0.23,0.30,-0.10,2.73,2.07,0
0.09,0.18,-0.09,1.54,1.48,1
0.03,0.12,0.53,0.28,1.00,0
0.58,0.64,-0.07,0.36,3.95,0
0.48,0.54,-0.02,1.51,3.21,1
0.15,0.23,0.12,7.60,1.76,0
0.33,0.40,0.42,0.53,2.50,0
0.36,0.43,0.33,0.39,2.64,1
0.30,0.37,-0.09,2.34,2.35,0
0.73,0.78,-0.26,0.42,7.14,0
0.36,0.44,0.10,1.27,2.65,0
0.43,0.50,0.24,12.63,2.97,0
0.26,0.33,0.41,7.04,2.19,0
0.34,0.41,-0.33,0.57,2.53,0
0.15,0.23,0.36,0.26,1.74,0
0.56,0.62,0.18,0.36,3.79,0
0.52,0.58,0.18,0.69,3.50,0
0.20,0.28,-0.22,0.33,1.95,1
0.39,0.46,0.41,1.38,2.76,0
0.62,0.67,0.41,0.97,4.30,0
0.50,0.56,0.62,1.28,3.35,0
0.35,0.42,0.56,0.90,2.57,0
0.70,0.75,-0.07,0.39,5.61,0
0.42,0.49,0.21,0.39,2.93,0
0.21,0.29,0.17,0.83,1.99,1
0.59,0.65,0.17,11.15,4.04,0
0.46,0.53,-0.22,0.68,3.15,0
0.02,0.11,0.12,0.95,0.83,1
0.25,0.33,0.24,0.90,2.17,0
0.58,0.63,0.07,0.36,3.90,0
0.69,0.74,-0.19,7.42,5.39,0
0.63,0.69,0.11,0.32,4.49,0
0.11,0.20,0.49,1.99,1.59,0
0.17,0.25,0.36,0.47,1.82,0
0.22,0.30,0.09,4.89,2.05,0
0.52,0.59,-0.03,7.33,3.50,0
0.16,0.24,0.19,2.77,1.78,0
0.22,0.30,-0.23,1.98,2.04,0
0.11,0.19,0.36,4.25,1.57,0
0.20,0.28,0.31,0.19,1.95,1
0.65,0.70,0.43,17.45,4.65,0
0.56,0.62,0.41,1.37,3.81,0
0.24,0.32,0.07,0.07,2.12,0
0.43,0.49,0.26,0.54,2.93,0
0.39,0.46,0.50,0.32,2.76,0
0.02,0.11,0.35,2.37,0.92,0
0.66,0.72,0.10,1.09,4.93,0
0.12,0.20,0.34,0.73,1.59,0
0.11,0.19,0.28,0.29,1.54,0
0.29,0.36,0.11,1.37,2.33,0
0.14,0.23,0.63,0.42,1.72,0
0.45,0.51,0.28,1.23,3.05,0
0.36,0.43,0.61,0.47,2.62,0
0.07,0.16,0.35,1.22,1.36,0
0.50,0.56,0.54,0.70,3.32,0
0.50,0.57,0.12,0.20,3.37,0
0.39,0.46,0.20,0.35,2.77,0
0.03,0.12,0.11,0.77,1.01,1
0.22,0.30,0.55,0.68,2.04,0
0.24,0.31,-0.03,0.17,2.11,1
0.58,0.63,0.23,2.69,3.89,0
0.25,0.33,0.30,0.34,2.18,1
0.49,0.55,0.02,1.05,3.29,0
0.53,0.60,0.49,3.01,3.58,0
0.17,0.25,-0.03,0.91,1.84,1
0.53,0.59,0.05,0.61,3.53,0
0.62,0.68,0.19,1.43,4.34,0
0.23,0.31,0.53,0.65,2.07,0
0.55,0.61,0.07,1.58,3.70,0
0.02,0.11,0.04,0.65,0.85,1
0.30,0.37,0.44,1.84,2.35,0
0.30,0.37,-0.03,3.04,2.36,0
0.28,0.36,-0.07,2.43,2.29,0
0.52,0.58,0.23,0.61,3.49,0
0.49,0.55,0.11,0.39,3.29,0
0.37,0.44,0.23,5.95,2.66,0
0.13,0.21,0.11,0.16,1.66,0
0.26,0.33,0.40,1.15,2.19,1
0.26,0.33,-0.15,0.60,2.19,1
0.20,0.28,-0.07,8.65,1.95,0
0.29,0.37,0.29,1.84,2.35,0
0.18,0.26,0.25,0.37,1.87,1
0.28,0.36,0.13,0.43,2.29,0
0.63,0.69,0.12,2.12,4.45,0
0.73,0.78,-0.09,1.97,6.79,0
0.68,0.74,-0.11,0.47,5.31,0
0.36,0.43,0.27,1.17,2.62,0
0.38,0.45,-0.13,0.62,2.73,0
0.26,0.33,0.17,0.60,2.19,1
0.19,0.27,-0.04,1.84,1.92,1
0.37,0.44,-0.04,4.43,2.68,0
0.37,0.44,-0.07,1.10,2.69,0
0.16,0.24,0.21,0.21,1.79,0
0.24,0.32,-0.38,0.88,2.14,0
0.16,0.24,-0.12,0.98,1.80,1
0.60,0.66,0.20,0.38,4.11,0
0.24,0.32,0.22,0.49,2.14,0
0.13,0.21,0.28,1.07,1.65,0
0.36,0.44,-0.02,1.34,2.65,0
0.35,0.43,-0.04,4.08,2.60,0
0.17,0.25,0.03,0.43,1.82,1
0.28,0.36,0.10,5.84,2.29,0
0.10,0.19,-0.09,1.83,1.52,0
0.38,0.45,0.46,1.10,2.74,0
0.26,0.33,0.33,2.46,2.20,0
0.60,0.66,0.09,0.82,4.11,0
0.68,0.74,0.28,0.40,5.28,0
0.34,0.41,0.30,0.91,2.55,0
0.62,0.68,-0.01,1.37,4.34,0
0.59,0.65,-0.09,2.05,4.04,0
0.30,0.37,0.23,0.33,2.37,0
0.37,0.44,0.31,0.28,2.66,0
0.14,0.22,-0.18,0.16,1.71,1
0.64,0.70,0.09,0.45,4.59,0
0.10,0.19,0.15,3.17,1.54,0
0.30,0.37,0.36,1.57,2.36,0
0.70,0.75,0.27,0.21,5.61,0
0.28,0.36,-0.07,1.42,2.30,0
0.66,0.71,0.12,1.06,4.83,0
0.50,0.56,-0.01,0.16,3.34,0
0.18,0.26,0.16,0.52,1.87,1
0.41,0.48,0.35,0.54,2.88,0
0.11,0.20,0.47,1.24,1.59,0
0.58,0.64,-0.12,0.35,3.95,0
0.59,0.65,0.09,0.39,4.03,0
0.65,0.71,0.31,1.98,4.72,0
0.19,0.27,0.02,0.55,1.93,1
0.08,0.17,0.14,0.68,1.43,1
0.24,0.32,0.23,2.30,2.12,0
0.27,0.35,0.31,1.45,2.24,0
0.46,0.53,0.09,1.08,3.14,0
0.65,0.70,0.21,3.58,4.71,0
0.73,0.78,0.20,5.17,7.47,0
0.07,0.16,0.42,0.12,1.37,1
0.51,0.58,0.18,0.24,3.43,0
0.22,0.30,-0.30,0.53,2.03,1
0.68,0.74,0.28,1.85,5.35,0
0.72,0.77,0.13,0.58,6.67,0
0.13,0.21,0.34,0.05,1.65,0
0.26,0.34,0.43,0.44,2.22,0
0.63,0.69,-0.08,1.61,4.47,0
0.06,0.15,-0.28,1.54,1.30,1
0.65,0.70,0.49,3.55,4.66,0
0.56,0.62,0.13,0.69,3.78,1
0.32,0.39,0.31,1.09,2.45,0
0.66,0.71,-0.15,0.62,4.87,0
0.29,0.37,0.25,0.21,2.35,0
0.03,0.12,0.49,10.91,1.09,0
0.52,0.58,0.34,2.37,3.45,0
0.19,0.27,0.20,0.63,1.93,1
0.34,0.41,0.15,2.06,2.53,0
0.32,0.40,0.48,3.41,2.47,0
0.16,0.24,-0.08,0.58,1.78,1
0.18,0.27,0.07,0.63,1.90,1
0.24,0.31,-0.14,0.32,2.11,1
0.53,0.59,0.31,0.87,3.54,0
0.23,0.31,0.15,0.20,2.07,1
0.70,0.76,0.03,2.27,5.87,0
0.16,0.24,0.33,0.55,1.80,1
0.15,0.23,0.49,3.22,1.75,1
0.52,0.58,0.29,4.05,3.49,0
0.63,0.68,0.24,0.69,4.40,0
0.10,0.18,0.35,0.65,1.50,1
0.09,0.18,-0.19,0.25,1.46,1
0.33,0.41,0.26,2.19,2.52,0
0.50,0.56,0.08,0.30,3.33,0
0.33,0.41,-0.01,2.44,2.52,0
0.41,0.47,-0.32,2.49,2.84,1
0.62,0.68,0.01,0.65,4.33,0
0.33,0.40,0.14,7.17,2.48,0
0.34,0.41,0.50,4.48,2.55,0
0.60,0.66,-0.31,9.16,4.16,0
0.27,0.34,0.45,0.30,2.24,0
0.03,0.12,-0.08,0.77,1.06,0
0.34,0.41,0.24,1.80,2.54,0
0.30,0.38,0.24,5.73,2.38,0
0.30,0.37,-0.37,1.09,2.35,0
0.57,0.63,-0.03,1.08,3.87,0
0.43,0.49,0.27,4.63,2.94,0
0.25,0.33,0.02,1.27,2.17,0
0.34,0.41,0.16,2.03,2.54,0
0.24,0.31,0.20,2.69,2.11,0
0.09,0.17,0.55,0.16,1.44,0
0.37,0.44,-0.05,2.84,2.69,0
0.18,0.26,-0.36,0.49,1.86,1
0.67,0.73,-0.22,0.79,5.09,0
0.12,0.20,0.29,4.14,1.62,0
0.61,0.67,-0.12,17.60,4.27,0
0.60,0.66,-0.20,0.45,4.12,0
0.59,0.65,-0.28,4.25,4.01,0
0.65,0.71,0.29,1.54,4.77,0
0.56,0.62,0.22,0.27,3.74,0
0.29,0.36,0.09,0.83,2.32,0
0.62,0.68,0.20,0.49,4.33,0
0.50,0.56,-0.07,1.61,3.35,0
0.17,0.25,-0.08,1.26,1.83,1
0.01,0.10,0.01,2.93,0.73,1
0.45,0.52,-0.11,1.05,3.08,0
0.56,0.62,0.42,2.42,3.77,0
0.45,0.51,-0.07,5.33,3.05,0
0.37,0.44,0.13,1.77,2.66,0
0.33,0.40,0.17,0.26,2.50,0
0.27,0.35,0.33,0.42,2.26,0
0.37,0.44,0.44,0.57,2.68,0
0.42,0.49,0.24,0.58,2.93,0
0.56,0.62,0.20,0.49,3.74,0
0.74,0.79,0.31,0.58,7.86,0
0.29,0.36,0.16,0.24,2.32,0
0.12,0.20,-0.07,2.61,1.59,0
0.20,0.28,-0.09,18.45,1.97,0
0.34,0.41,-0.01,0.08,2.54,1
0.50,0.56,0.10,1.03,3.35,0
0.66,0.72,0.16,1.30,4.95,0
0.16,0.24,-0.01,2.65,1.77,0
0.49,0.55,-0.01,5.45,3.27,0
0.72,0.77,0.44,0.75,6.30,0
0.75,0.80,0.21,0.64,10.32,0
0.50,0.56,0.20,1.65,3.36,0
0.09,0.18,0.39,0.25,1.47,1
0.40,0.47,0.09,1.17,2.82,0
0.40,0.47,0.12,1.94,2.82,0
0.48,0.54,0.03,6.99,3.21,0
0.19,0.27,0.45,0.64,1.90,0
0.24,0.32,0.34,0.20,2.12,0
0.56,0.62,-0.09,0.52,3.74,0
0.24,0.32,0.11,9.25,2.14,0
0.15,0.23,0.05,1.05,1.73,0
0.22,0.30,0.25,1.20,2.06,0
0.23,0.31,0.06,0.23,2.09,1
0.73,0.78,0.05,2.12,7.30,0
0.04,0.13,0.13,0.31,1.15,1
0.65,0.70,0.07,0.39,4.69,0
0.27,0.34,0.26,1.98,2.23,0
0.13,0.21,0.24,2.23,1.64,1
0.60,0.65,0.07,3.87,4.07,0
0.44,0.51,0.17,2.35,3.02,0
0.21,0.29,0.03,1.40,2.00,0
0.62,0.68,-0.04,0.21,4.38,0
0.68,0.73,-0.11,0.98,5.21,0
0.47,0.54,0.21,0.48,3.19,0
0.16,0.24,0.26,0.90,1.77,0
0.15,0.23,0.12,3.69,1.76,0
0.24,0.32,-0.29,0.77,2.12,0
0.46,0.52,-0.16,1.16,3.09,0
0.71,0.76,-0.04,2.44,5.94,0
0.45,0.52,-0.08,0.56,3.06,0
0.40,0.47,0.22,3.62,2.80,0
0.39,0.46,0.11,1.89,2.76,0
0.67,0.72,0.05,0.53,4.97,0
0.60,0.66,-0.06,1.53,4.15,0
0.27,0.34,0.16,0.24,2.23,0
0.18,0.26,0.07,0.25,1.89,1
0.03,0.12,0.28,1.49,1.06,0
0.50,0.56,0.14,0.61,3.36,0
0.45,0.52,0.00,0.23,3.07,0
0.30,0.38,-0.15,1.85,2.37,0
0.68,0.73,0.51,8.33,5.26,0
0.34,0.41,0.21,6.98,2.53,0
0.48,0.54,0.21,5.31,3.23,0
0.36,0.43,0.03,0.73,2.64,0
0.46,0.53,-0.30,1.27,3.12,1
0.14,0.22,0.12,1.52,1.70,0
0.23,0.31,-0.02,1.01,2.08,0
0.53,0.60,0.29,1.52,3.58,0
0.39,0.46,-0.06,2.75,2.78,0
0.67,0.73,0.22,0.27,5.06,0
0.07,0.15,0.41,0.69,1.32,0
0.42,0.49,-0.27,0.96,2.90,1
0.46,0.53,0.05,1.18,3.13,0
0.07,0.16,-0.02,0.18,1.37,1
0.71,0.76,0.43,0.44,5.93,0
0.57,0.63,0.11,0.37,3.85,0
0.33,0.40,0.09,1.62,2.50,0
0.31,0.39,0.17,0.87,2.42,0
0.23,0.30,0.19,0.51,2.06,0
0.32,0.40,-0.22,4.28,2.47,1
0.69,0.74,0.16,4.06,5.42,0
0.45,0.52,0.23,10.82,3.08,0
0.66,0.71,0.41,0.37,4.81,0
0.72,0.77,0.36,1.29,6.55,0
0.15,0.23,0.18,1.39,1.76,0
0.37,0.44,0.19,0.19,2.68,0
0.31,0.39,0.22,1.09,2.43,1
0.54,0.60,0.32,0.94,3.59,0
0.41,0.47,-0.07,0.63,2.84,0
0.17,0.25,-0.14,0.32,1.84,1
0.66,0.71,0.45,0.36,4.82,0
0.52,0.59,-0.35,0.74,3.51,0
0.24,0.32,0.77,0.96,2.12,0
0.08,0.16,0.09,3.34,1.39,0
0.74,0.79,0.22,0.90,8.31,0
0.12,0.21,0.32,2.38,1.63,1
0.44,0.51,-0.05,1.42,3.00,0
0.69,0.74,0.26,0.55,5.50,0
0.48,0.54,0.24,0.32,3.22,0
0.40,0.47,0.05,1.06,2.83,1
0.46,0.52,0.27,3.47,3.11,0
0.36,0.43,0.41,1.04,2.62,0
0.18,0.26,0.21,0.52,1.89,0
0.11,0.20,0.11,1.10,1.58,1
0.07,0.15,-0.07,1.41,1.33,0
0.20,0.28,-0.04,1.44,1.97,1
0.09,0.17,-0.05,0.87,1.46,1
0.72,0.77,0.18,2.80,6.34,0
0.21,0.29,-0.10,0.74,2.01,0
0.04,0.13,0.08,0.56,1.16,1
0.01,0.10,0.25,1.34,0.74,1
0.72,0.77,0.24,0.43,6.28,0
0.59,0.65,0.25,3.93,4.07,0
0.29,0.37,0.42,0.96,2.34,0
0.59,0.65,-0.02,0.72,4.05,0
0.67,0.73,0.37,3.25,5.10,0
0.46,0.53,0.19,0.90,3.13,0
0.66,0.71,-0.02,0.16,4.86,0
0.15,0.24,-0.07,0.51,1.76,1
0.56,0.62,0.64,0.33,3.73,0
0.46,0.52,0.14,0.58,3.11,1
0.19,0.27,0.14,0.34,1.92,1
0.17,0.25,0.10,3.76,1.84,0
0.50,0.57,0.14,0.55,3.38,1
0.36,0.43,-0.02,1.82,2.62,0
0.57,0.63,-0.05,2.09,3.85,0
0.36,0.43,0.17,0.25,2.63,0
0.27,0.35,0.26,1.76,2.26,0
0.13,0.22,0.09,1.37,1.68,0
0.42,0.48,-0.30,0.91,2.89,1
0.19,0.27,0.20,1.89,1.92,0
0.10,0.19,0.22,0.55,1.53,0
0.62,0.68,0.08,1.12,4.39,0
0.71,0.76,0.35,1.81,5.93,0
0.43,0.49,0.77,1.32,2.94,0
0.48,0.54,0.17,3.26,3.20,0
0.59,0.64,-0.01,3.20,3.98,0
0.14,0.22,0.02,1.78,1.69,0
0.67,0.73,0.21,1.42,5.12,0
0.11,0.20,0.22,2.38,1.57,0
0.08,0.17,0.23,1.02,1.43,0
0.75,0.80,0.13,0.37,12.99,0
0.32,0.40,0.06,0.62,2.47,0
0.47,0.53,0.14,0.85,3.17,0
0.60,0.66,0.19,5.31,4.12,0
0.06,0.15,0.04,2.47,1.30,0
0.64,0.70,0.34,0.28,4.57,0
0.53,0.59,0.46,3.33,3.55,0
0.73,0.78,-0.17,0.26,7.41,0
0.30,0.38,0.20,1.42,2.37,0
0.08,0.17,-0.09,1.30,1.43,0
0.73,0.78,0.56,0.34,7.47,0
0.03,0.12,0.11,0.56,1.09,1
0.01,0.10,0.09,0.64,0.77,1
0.63,0.69,0.58,2.18,4.47,0
0.23,0.31,0.40,1.14,2.09,0
0.04,0.13,0.19,0.25,1.15,1
0.51,0.58,0.01,0.53,3.43,0
0.07,0.16,0.27,0.54,1.38,0
0.37,0.44,-0.19,2.20,2.69,0
0.63,0.69,0.03,0.91,4.50,0
0.40,0.47,0.42,0.85,2.81,0
0.42,0.48,-0.11,2.16,2.89,1
0.21,0.29,0.06,1.18,2.00,1
0.29,0.37,0.04,1.38,2.35,0
0.37,0.44,0.03,1.84,2.69,0
0.33,0.41,0.32,1.06,2.51,0
0.27,0.34,0.37,2.09,2.24,0
0.72,0.77,0.21,1.04,6.48,0
0.03,0.12,0.05,0.29,1.05,1
0.58,0.64,0.13,0.55,3.93,0
0.28,0.36,0.01,1.31,2.31,0
0.69,0.74,0.08,4.41,5.46,0
0.51,0.58,0.07,2.04,3.44,0
0.75,0.80,0.47,0.55,10.06,0
0.59,0.65,-0.42,1.76,4.05,0
0.20,0.28,0.25,0.66,1.95,1
0.68,0.74,-0.05,0.21,5.31,0
0.68,0.74,-0.13,2.99,5.35,0
0.59,0.64,0.04,1.30,3.99,0
0.19,0.27,0.00,0.65,1.91,1
0.22,0.30,0.29,0.71,2.05,0
0.37,0.44,0.05,13.56,2.67,0
0.09,0.18,0.06,0.73,1.48,0
0.72,0.77,0.15,0.85,6.40,0
0.05,0.14,0.01,0.11,1.23,1
0.10,0.18,-0.07,1.02,1.51,1
0.12,0.21,0.30,0.79,1.63,1
0.10,0.18,0.15,1.86,1.50,1
0.15,0.23,0.27,0.26,1.74,0
0.25,0.33,0.15,1.13,2.16,1
0.21,0.29,-0.09,1.47,1.99,0
0.04,0.13,-0.23,0.28,1.11,0
0.17,0.25,-0.18,1.60,1.84,0
0.44,0.51,-0.06,0.14,3.03,1
0.45,0.51,-0.01,0.30,3.05,1
0.03,0.12,0.34,4.35,1.05,1
0.48,0.54,-0.03,0.27,3.22,0
0.28,0.36,-0.04,0.88,2.30,0
0.32,0.40,-0.29,1.34,2.47,0
0.57,0.63,0.50,1.90,3.86,0
0.03,0.12,0.37,0.59,0.99,0
0.64,0.70,-0.18,1.81,4.57,1
0.40,0.47,-0.13,1.51,2.83,0
0.22,0.30,-0.21,1.02,2.05,1
0.75,0.80,0.79,2.25,9.85,0
0.02,0.11,0.32,6.80,0.96,0
0.24,0.32,0.51,2.18,2.12,0
0.48,0.54,0.04,1.51,3.21,1
0.49,0.55,0.32,1.77,3.28,0
0.10,0.18,0.06,0.37,1.50,0
0.74,0.80,0.36,0.59,9.32,0
0.52,0.58,-0.03,1.77,3.47,0
0.33,0.40,0.10,0.49,2.50,0
0.27,0.34,0.36,2.39,2.24,1
0.17,0.25,-0.12,0.22,1.83,0
0.20,0.28,0.21,2.55,1.98,0
0.33,0.40,-0.08,0.61,2.48,1
0.69,0.75,0.37,1.24,5.54,0
0.49,0.55,0.22,0.98,3.28,0
0.57,0.63,0.05,0.45,3.87,0
0.25,0.32,0.24,2.41,2.15,0
0.15,0.23,0.05,2.16,1.74,0
0.67,0.72,-0.05,0.36,4.99,0
0.63,0.69,-0.10,0.88,4.48,0
0.69,0.74,0.25,0.31,5.38,0
0.51,0.57,0.05,0.72,3.42,0
0.49,0.55,-0.06,12.93,3.26,0
0.72,0.77,-0.01,0.44,6.48,0
0.47,0.53,0.24,1.20,3.17,0
0.25,0.32,-0.21,1.31,2.14,0
0.59,0.65,0.02,0.38,4.00,0
0.17,0.25,0.09,5.13,1.84,0
0.12,0.20,0.25,0.62,1.61,0
0.68,0.73,0.46,0.61,5.17,0
0.17,0.25,0.16,0.54,1.84,0
0.36,0.43,0.03,0.54,2.62,0
0.44,0.51,0.25,0.73,3.02,0
0.20,0.28,0.28,0.51,1.97,0
0.27,0.35,0.22,12.38,2.25,0
0.66,0.71,0.31,0.60,4.87,0
0.14,0.23,0.25,0.89,1.72,1
0.15,0.23,0.04,4.83,1.74,0
0.33,0.40,0.19,0.86,2.48,0
0.34,0.41,0.08,0.42,2.55,0
0.30,0.37,0.21,3.30,2.36,0
0.20,0.28,0.06,0.55,1.96,0
0.29,0.37,0.46,1.33,2.33,0
0.17,0.26,0.28,0.54,1.85,1
0.09,0.17,0.20,1.05,1.44,0
0.17,0.25,0.06,13.10,1.82,0
0.45,0.51,-0.07,1.23,3.04,0
0.60,0.66,-0.02,0.98,4.14,0
0.52,0.58,0.19,2.07,3.49,0
0.33,0.40,0.36,0.97,2.48,0
0.38,0.45,0.09,6.25,2.72,0
0.72,0.77,0.03,0.58,6.51,0
0.08,0.17,0.19,1.03,1.41,0
0.25,0.33,0.25,1.87,2.16,0
0.21,0.29,0.32,0.22,2.00,1
0.68,0.74,0.32,0.62,5.28,0
0.11,0.20,0.04,2.08,1.58,0
0.20,0.28,0.23,1.50,1.95,0
0.31,0.39,0.06,3.60,2.42,0
0.42,0.49,0.44,0.30,2.92,0
0.23,0.31,0.07,14.74,2.07,0
0.41,0.48,-0.05,1.56,2.85,1
0.68,0.73,0.04,3.62,5.19,0
0.66,0.72,0.41,0.23,4.91,0
0.24,0.32,-0.33,1.49,2.12,1
0.62,0.68,-0.14,0.43,4.39,0
0.35,0.42,0.12,1.19,2.59,0
0.01,0.10,0.10,0.33,0.76,1
0.35,0.42,0.35,0.45,2.56,0
0.71,0.76,0.29,0.55,5.95,0
0.26,0.34,0.45,1.66,2.21,0
0.16,0.24,0.11,4.98,1.79,0
0.52,0.58,0.27,9.58,3.49,0
0.40,0.47,0.47,4.36,2.82,0
0.46,0.53,0.24,0.89,3.13,0
0.29,0.36,0.38,0.55,2.31,0
0.54,0.60,-0.04,0.29,3.59,0
0.66,0.71,0.34,0.47,4.79,0
0.73,0.78,0.05,0.95,7.30,0
0.66,0.72,0.06,18.07,4.93,0
0.46,0.52,0.52,0.71,3.11,0
0.04,0.13,0.34,0.89,1.16,1
0.66,0.72,-0.02,0.80,4.89,0
0.68,0.74,0.42,2.15,5.32,0
0.72,0.77,0.53,0.04,6.41,0
0.28,0.35,-0.06,0.97,2.28,1
0.16,0.24,0.46,1.62,1.80,0
0.38,0.45,0.16,2.19,2.73,0
0.17,0.25,0.11,0.69,1.83,0
0.72,0.77,0.18,1.48,6.69,0
0.64,0.70,0.14,1.37,4.61,0
0.51,0.57,-0.11,0.74,3.40,0
0.44,0.51,-0.19,1.02,3.00,0
0.52,0.59,0.29,0.69,3.51,0
0.27,0.35,0.12,2.02,2.25,0
0.55,0.61,0.26,0.74,3.66,0
0.01,0.10,-0.02,1.52,0.77,1
0.24,0.31,0.30,1.05,2.11,1
0.66,0.72,0.43,3.06,4.94,0
0.68,0.73,0.74,0.89,5.16,0
0.46,0.52,0.21,0.86,3.10,0
0.07,0.16,0.04,0.37,1.37,1
0.30,0.37,0.31,0.71,2.37,0
0.14,0.22,-0.01,1.12,1.69,1
0.31,0.39,0.10,10.12,2.42,0
0.51,0.58,-0.13,0.36,3.43,0
0.71,0.76,0.36,0.88,5.99,0
0.50,0.56,0.00,0.65,3.35,0
0.38,0.45,0.22,2.16,2.71,0
0.61,0.67,0.37,0.66,4.26,0
0.02,0.11,0.04,0.40,0.92,1
0.57,0.63,-0.11,0.44,3.88,0
0.32,0.39,0.11,1.10,2.45,0
0.03,0.12,0.20,1.42,1.07,0
0.29,0.37,0.28,0.84,2.33,0
0.36,0.43,0.13,3.42,2.62,0
0.14,0.22,-0.17,0.45,1.70,1
0.28,0.36,0.29,3.20,2.30,0
0.68,0.73,0.27,1.68,5.22,0
0.65,0.71,0.14,1.02,4.76,0
0.31,0.38,-0.09,0.53,2.41,1
0.09,0.18,0.24,0.43,1.46,0
0.74,0.79,0.33,0.65,8.25,0
0.68,0.73,0.24,4.62,5.23,0
0.69,0.75,0.42,2.87,5.57,0
0.26,0.34,0.18,1.44,2.22,0
0.22,0.30,0.20,0.99,2.06,1
0.70,0.75,0.11,0.47,5.67,0
0.35,0.42,0.25,0.84,2.58,0
0.08,0.17,0.39,4.64,1.42,0
0.10,0.19,0.29,0.61,1.53,0
0.31,0.39,0.04,0.33,2.42,1
0.27,0.35,0.22,1.25,2.24,0
0.18,0.26,0.10,2.38,1.87,0
0.10,0.18,0.05,4.19,1.51,0
0.27,0.35,-0.14,0.41,2.24,0
0.71,0.76,-0.29,6.61,5.93,0
0.08,0.17,-0.37,3.92,1.42,0
0.62,0.68,0.31,0.62,4.33,0
0.62,0.68,0.25,0.87,4.38,0
0.40,0.47,0.51,1.83,2.81,0
0.24,0.32,0.19,1.23,2.12,0
0.32,0.39,-0.17,0.59,2.45,0
0.63,0.69,0.39,0.26,4.43,0
0.12,0.21,0.23,1.02,1.63,0
0.29,0.36,0.07,0.53,2.32,1
0.10,0.18,0.21,0.10,1.49,1
0.30,0.37,-0.03,0.65,2.35,0
0.70,0.75,0.12,0.36,5.64,0
0.24,0.31,0.18,3.30,2.11,0
0.50,0.56,0.14,1.64,3.36,0
0.37,0.44,0.44,1.83,2.68,0
0.18,0.26,0.55,0.54,1.86,1
0.41,0.47,0.22,4.21,2.84,0
0.74,0.80,0.42,0.78,9.25,0
0.05,0.14,0.32,0.56,1.23,0
0.67,0.73,0.04,0.22,5.11,0
0.34,0.41,-0.01,1.49,2.55,0
0.23,0.31,0.10,0.60,2.09,0
0.25,0.32,0.52,1.29,2.15,0
0.49,0.55,0.40,0.70,3.26,0
0.06,0.15,0.03,0.16,1.32,0
0.58,0.64,0.00,0.30,3.94,0
0.50,0.56,-0.03,0.42,3.32,0
0.49,0.56,0.61,3.84,3.31,0
0.13,0.22,0.39,4.71,1.67,0
0.50,0.56,0.09,4.17,3.35,0
0.74,0.79,0.13,0.92,8.58,0
0.07,0.15,0.03,2.97,1.34,0
0.74,0.79,0.40,3.52,7.76,0
0.56,0.62,0.26,0.79,3.80,0
0.05,0.14,0.15,2.77,1.23,1
0.11,0.19,0.04,0.57,1.57,1
0.44,0.51,0.12,0.13,3.02,0
0.70,0.75,0.20,1.67,5.74,0
0.72,0.77,0.30,0.51,6.31,0
0.28,0.35,-0.18,1.97,2.28,0
0.23,0.31,0.06,0.45,2.10,0
0.32,0.39,0.43,2.12,2.44,0
0.24,0.32,0.04,1.12,2.12,0
0.14,0.22,-0.13,2.44,1.70,0
0.34,0.41,0.13,0.40,2.52,0
0.72,0.77,0.14,0.82,6.42,0
0.24,0.32,0.10,0.56,2.13,1
0.61,0.66,0.15,2.42,4.19,0
0.63,0.69,0.12,0.35,4.46,0
0.48,0.55,0.16,3.66,3.25,0
0.49,0.55,0.06,0.86,3.30,0
0.59,0.65,0.09,0.57,4.04,0
0.16,0.24,0.13,1.60,1.78,1
0.75,0.80,0.03,0.45,9.54,0
0.03,0.12,0.41,4.23,1.02,0
0.17,0.25,0.02,2.48,1.85,0
0.34,0.41,0.15,0.38,2.53,1
0.43,0.49,0.31,1.50,2.94,0
0.47,0.54,0.10,0.73,3.19,0
0.45,0.52,0.27,1.03,3.07,0
0.32,0.39,0.09,1.07,2.44,0
0.55,0.61,-0.14,0.13,3.67,0
0.25,0.32,0.21,0.24,2.15,0
0.23,0.31,-0.17,2.74,2.08,0
0.40,0.47,-0.16,2.12,2.80,0
0.11,0.19,-0.01,1.71,1.55,1
0.63,0.68,0.01,0.23,4.42,0
0.49,0.55,-0.04,1.97,3.29,0
0.49,0.55,-0.10,1.30,3.27,0
0.11,0.19,0.01,0.81,1.56,0
0.34,0.41,0.27,4.17,2.55,0
0.19,0.27,0.00,0.54,1.94,1
0.58,0.64,0.13,1.43,3.93,0
0.38,0.45,0.13,1.43,2.74,0
0.02,0.11,-0.23,0.22,0.81,1
0.13,0.21,0.02,1.63,1.66,0
0.36,0.43,0.18,0.86,2.64,0
0.04,0.13,0.02,1.20,1.11,1
0.09,0.17,-0.03,0.20,1.46,1
0.64,0.70,0.15,0.05,4.61,0
0.14,0.22,0.07,2.19,1.69,0
0.58,0.64,0.27,0.62,3.97,0
0.34,0.41,0.07,1.78,2.52,1
0.71,0.76,0.01,0.43,5.95,0
0.35,0.42,0.23,2.12,2.59,1
0.32,0.39,0.06,1.24,2.45,0
0.13,0.21,-0.01,4.38,1.65,0
0.21,0.29,0.20,0.16,2.00,0
0.64,0.70,-0.25,1.86,4.60,0
0.53,0.59,0.96,2.04,3.55,0
0.74,0.79,0.10,0.36,7.98,0
0.41,0.47,0.14,1.06,2.84,1
0.74,0.79,-0.01,1.22,7.66,0
0.62,0.67,0.10,0.81,4.30,0
0.41,0.48,0.27,0.20,2.88,0
0.24,0.31,0.18,0.19,2.11,0
0.27,0.34,0.13,2.09,2.23,0
0.34,0.41,0.44,0.24,2.53,0
0.10,0.18,0.65,0.40,1.51,0
0.26,0.33,-0.08,0.87,2.20,1
0.30,0.38,0.18,0.43,2.38,0
0.35,0.42,0.00,2.68,2.57,1
0.34,0.41,0.56,1.11,2.52,0
0.03,0.11,-0.18,0.13,0.99,1
0.17,0.25,-0.10,2.55,1.85,1
0.35,0.42,0.05,0.14,2.59,0
0.61,0.67,0.07,0.34,4.24,0
0.16,0.24,-0.33,1.79,1.80,1
0.74,0.79,0.13,2.88,7.81,0
0.59,0.65,0.38,1.67,4.01,0
0.05,0.14,0.42,2.13,1.25,0
0.60,0.66,0.41,11.41,4.13,0
0.23,0.30,0.47,1.21,2.07,0
0.07,0.16,0.00,0.58,1.38,1
0.14,0.22,-0.16,1.15,1.71,0
0.27,0.34,0.32,2.69,2.24,0
0.38,0.45,0.18,1.30,2.73,0
0.54,0.60,0.24,3.83,3.60,0
0.55,0.61,-0.01,1.34,3.70,0
0.22,0.30,0.20,0.44,2.05,1
0.59,0.65,0.23,1.63,4.07,0
0.33,0.40,0.21,1.05,2.49,0
0.12,0.21,0.17,5.40,1.63,0
0.38,0.45,0.18,1.78,2.71,1
0.30,0.38,0.16,0.82,2.38,0
0.54,0.61,0.11,0.63,3.65,0
0.06,0.15,-0.07,0.13,1.28,1
0.65,0.71,0.22,1.05,4.74,0
0.14,0.23,0.13,0.98,1.73,1
0.44,0.51,0.16,2.45,3.03,0
0.54,0.60,0.33,0.54,3.60,0
0.46,0.53,0.08,0.17,3.13,1
0.72,0.77,0.20,0.52,6.39,0
0.36,0.44,0.21,0.28,2.65,0
0.28,0.36,0.17,0.50,2.31,0
0.39,0.46,0.28,2.08,2.77,0
0.44,0.51,-0.04,0.67,3.01,1
0.30,0.37,0.15,0.40,2.35,0
0.25,0.32,0.19,0.95,2.15,0
0.53,0.59,0.22,0.88,3.56,0
0.03,0.11,-0.07,5.41,0.98,0
0.60,0.66,0.25,0.93,4.14,0
0.49,0.56,0.17,3.30,3.30,0
0.18,0.26,0.22,0.92,1.88,1
0.67,0.73,0.20,0.99,5.09,0
0.09,0.17,0.44,3.24,1.44,0
0.47,0.54,0.33,1.49,3.18,0
0.36,0.43,0.05,0.95,2.63,0
0.71,0.76,0.08,1.05,6.16,0
0.04,0.12,0.33,3.35,1.09,1
0.61,0.67,0.36,1.13,4.26,0
0.32,0.39,0.24,2.38,2.44,0
0.14,0.23,-0.01,0.57,1.72,1
0.62,0.68,0.58,0.33,4.39,0
0.48,0.55,0.09,1.21,3.23,0
0.62,0.68,-0.26,0.50,4.34,0
0.74,0.79,0.18,0.10,8.10,0
0.16,0.24,0.15,5.38,1.80,0
0.72,0.77,0.48,2.92,6.36,0
0.62,0.68,0.12,0.53,4.34,0
0.61,0.67,0.30,5.10,4.26,0
0.40,0.47,0.34,0.64,2.81,1
0.68,0.73,0.12,0.48,5.17,0
0.38,0.45,0.38,0.47,2.74,0
0.21,0.29,0.10,0.78,2.00,1
0.36,0.43,0.05,1.99,2.62,0
0.60,0.66,-0.06,4.78,4.17,0
0.05,0.14,0.09,3.75,1.20,1
0.38,0.45,0.09,0.74,2.71,0
0.65,0.71,-0.10,1.34,4.78,0
0.26,0.34,0.13,0.68,2.21,1
0.32,0.39,0.21,0.74,2.45,0
0.06,0.15,0.31,1.30,1.28,1
0.58,0.64,0.00,0.33,3.93,0
0.56,0.62,0.14,3.36,3.77,0
0.44,0.51,-0.33,0.82,3.01,1
0.12,0.21,0.60,0.88,1.62,0
0.34,0.41,0.27,3.39,2.54,0
0.61,0.66,0.12,0.74,4.19,0
0.26,0.33,-0.20,2.65,2.20,0
0.02,0.11,0.47,3.67,0.85,0
0.53,0.59,0.11,1.46,3.56,0
0.73,0.78,-0.04,0.95,7.36,0
0.70,0.75,0.47,0.58,5.67,0
0.21,0.29,0.13,0.22,1.99,0
0.69,0.74,0.24,0.45,5.39,0
0.45,0.52,0.11,2.72,3.07,0
0.06,0.15,-0.02,1.50,1.30,1
0.31,0.39,0.06,1.64,2.43,0
0.01,0.10,0.35,1.23,0.74,1
0.53,0.59,0.30,1.07,3.56,0
0.32,0.40,-0.01,2.50,2.47,0
0.20,0.28,0.31,4.54,1.98,0
0.14,0.22,0.06,0.39,1.70,0
0.26,0.34,-0.02,2.41,2.20,1
0.28,0.35,0.22,0.80,2.28,1
0.70,0.75,0.12,0.85,5.63,0
0.13,0.21,0.14,1.46,1.66,1
0.36,0.43,0.04,0.84,2.61,0
0.42,0.49,0.16,3.04,2.92,0
0.63,0.69,0.36,0.76,4.51,0
0.51,0.57,0.11,0.17,3.38,0
0.07,0.16,0.11,4.08,1.38,1
0.73,0.79,0.19,1.55,7.54,0
0.13,0.21,-0.07,0.47,1.64,1
0.05,0.13,0.04,0.55,1.18,1
0.71,0.76,-0.19,2.05,6.13,0
0.04,0.13,-0.15,0.60,1.14,1
0.40,0.47,-0.22,0.42,2.81,1
0.26,0.34,0.19,0.97,2.22,0
0.41,0.48,0.37,0.78,2.88,0
0.63,0.69,-0.13,1.25,4.46,0
0.71,0.76,0.13,2.38,5.90,0
0.47,0.54,0.03,0.60,3.20,0
0.70,0.75,-0.36,0.21,5.70,0
0.75,0.80,0.21,3.40,10.39,0
0.56,0.62,0.05,0.34,3.77,0
0.69,0.75,0.07,0.27,5.57,0
0.51,0.57,0.38,1.56,3.42,0
0.12,0.20,0.11,0.36,1.59,0
0.33,0.41,0.06,3.70,2.51,0
0.05,0.14,0.02,2.20,1.23,1
0.16,0.24,0.31,0.40,1.78,0
0.64,0.70,0.17,3.11,4.59,0
0.16,0.24,0.53,1.03,1.81,0
0.39,0.46,0.34,0.70,2.76,0
0.15,0.23,0.03,2.48,1.75,1
0.60,0.66,-0.04,3.45,4.14,0
0.21,0.29,0.24,1.15,2.01,1
0.59,0.65,-0.10,0.31,4.07,0
0.41,0.48,0.24,1.94,2.88,1
0.69,0.75,-0.09,1.00,5.53,0
0.36,0.43,0.41,5.60,2.62,0
0.49,0.56,0.15,0.85,3.31,0
0.50,0.56,-0.17,3.09,3.32,0
0.50,0.57,0.28,5.62,3.38,0
0.23,0.30,0.33,0.86,2.07,0
0.39,0.46,0.13,1.77,2.75,0
0.18,0.26,-0.07,1.71,1.86,1
0.56,0.62,0.11,0.54,3.80,0
0.63,0.69,0.63,1.18,4.51,0
0.29,0.36,0.39,0.23,2.32,0
0.16,0.24,0.37,1.15,1.80,1
0.28,0.36,0.18,8.31,2.30,0
0.57,0.63,-0.21,1.70,3.82,0
0.71,0.76,0.16,2.15,6.11,0
0.36,0.43,-0.43,5.54,2.61,1
0.49,0.55,0.14,2.12,3.26,0
0.09,0.18,0.02,1.33,1.47,1
0.68,0.73,0.42,1.51,5.24,0
0.07,0.16,0.45,0.37,1.36,1
0.53,0.59,0.45,0.35,3.52,0
0.72,0.78,0.30,1.26,6.70,0
0.72,0.77,0.01,0.43,6.31,0
0.71,0.76,-0.16,1.22,5.97,0
0.04,0.13,0.18,0.38,1.18,0
0.51,0.58,0.27,2.41,3.44,0
0.73,0.78,0.10,2.07,7.37,0
0.40,0.46,-0.10,1.56,2.79,1
0.69,0.74,0.04,0.43,5.49,0
0.55,0.61,0.49,2.46,3.71,0
0.30,0.37,0.34,0.85,2.36,0
0.18,0.26,0.25,4.57,1.89,0
0.47,0.54,0.28,2.64,3.18,0
0.15,0.23,-0.09,4.87,1.74,0
0.01,0.10,0.46,0.52,0.39,0
0.52,0.58,0.48,0.31,3.49,0
0.33,0.40,0.12,1.37,2.50,1
0.08,0.17,-0.05,2.03,1.41,0
0.49,0.56,0.25,2.29,3.31,0
0.56,0.62,-0.11,0.29,3.79,1
0.16,0.24,-0.03,1.79,1.79,0
0.44,0.51,0.36,2.53,3.02,0
0.38,0.45,0.49,0.99,2.70,0
0.53,0.59,-0.02,10.81,3.55,0
0.46,0.53,0.77,4.74,3.13,0
0.15,0.23,0.37,1.43,1.74,1
0.72,0.77,-0.09,2.34,6.68,0
0.47,0.54,0.34,0.24,3.19,0
0.01,0.10,0.27,0.71,0.64,1
0.23,0.31,-0.19,0.73,2.09,1
0.40,0.47,0.36,0.36,2.81,0
0.67,0.73,-0.16,0.28,5.12,0
0.60,0.66,-0.09,8.60,4.10,0
0.24,0.31,0.38,0.73,2.11,0
0.52,0.58,-0.01,0.55,3.46,0
0.41,0.48,-0.23,1.27,2.88,0
0.56,0.62,0.24,1.78,3.77,0
0.01,0.10,0.04,0.42,0.78,1
0.07,0.16,0.19,5.76,1.36,1
0.70,0.75,-0.10,0.31,5.64,0
0.58,0.64,-0.05,1.32,3.91,0
0.32,0.39,0.22,2.85,2.45,0
0.24,0.32,-0.09,0.71,2.13,1
0.39,0.46,0.11,4.73,2.74,0
0.44,0.51,0.68,0.30,3.00,0
0.02,0.11,0.21,2.41,0.97,1
0.48,0.54,0.33,0.31,3.22,0
0.28,0.35,0.22,9.35,2.28,0
0.13,0.22,0.60,21.84,1.67,0
0.53,0.59,-0.09,1.53,3.54,1
0.71,0.76,0.05,2.77,6.05,0
0.75,0.80,0.47,2.75,10.16,0
0.71,0.77,0.03,0.29,6.24,0
0.34,0.42,0.48,0.87,2.56,0
0.20,0.28,0.40,0.59,1.96,0
0.59,0.65,0.42,1.44,4.05,0
0.48,0.55,0.59,0.28,3.26,0
0.70,0.75,0.12,1.19,5.72,0
0.22,0.30,0.19,0.45,2.06,0
0.08,0.17,0.25,0.35,1.41,0
0.61,0.67,-0.23,7.38,4.20,0
0.43,0.49,0.20,0.32,2.93,0
0.11,0.20,0.46,0.98,1.58,1
0.50,0.57,0.24,1.61,3.37,0
0.59,0.65,0.47,0.16,3.99,0
0.54,0.61,0.09,0.72,3.65,0
0.45,0.52,-0.11,0.73,3.07,0
0.35,0.42,0.08,0.33,2.57,1
0.59,0.65,0.10,0.42,4.01,0
0.73,0.78,-0.24,0.92,7.25,0
0.24,0.32,0.31,0.44,2.14,1
0.33,0.40,0.19,0.66,2.49,0
0.03,0.12,0.15,0.09,1.07,0
0.72,0.77,0.14,2.63,6.27,0
0.04,0.13,0.15,0.38,1.11,0
0.16,0.24,0.20,1.91,1.77,1
0.21,0.29,-0.04,7.02,1.99,0
0.54,0.60,0.26,0.53,3.61,0
0.69,0.74,0.63,1.26,5.42,0
0.41,0.48,0.37,1.02,2.88,0
0.16,0.24,0.26,0.53,1.80,1
0.70,0.75,0.15,2.63,5.73,0
0.32,0.39,-0.30,3.38,2.46,1
0.11,0.19,0.28,1.52,1.55,0
0.39,0.46,0.33,0.11,2.76,0
0.15,0.23,0.33,5.42,1.74,0
0.26,0.34,0.23,0.91,2.22,1
0.41,0.47,0.44,1.58,2.84,0
0.20,0.28,-0.18,0.79,1.96,0
0.07,0.15,-0.08,4.13,1.33,0
0.21,0.28,0.41,0.96,1.98,1
0.68,0.73,0.68,1.02,5.24,0
0.10,0.19,0.31,1.92,1.53,0
0.43,0.50,0.02,1.27,2.96,0
0.09,0.17,-0.26,1.34,1.45,1
0.17,0.25,0.62,0.73,1.83,1
0.33,0.41,0.26,3.22,2.51,0
0.15,0.23,0.15,8.15,1.73,0
0.47,0.53,-0.14,0.38,3.16,1
0.71,0.76,0.52,0.54,5.92,0
0.49,0.56,0.12,1.46,3.30,0
0.22,0.30,0.47,0.91,2.05,0
0.19,0.27,-0.12,1.50,1.92,0
0.46,0.53,-0.29,0.22,3.12,1
0.02,0.11,-0.05,0.20,0.88,1
0.44,0.50,0.39,1.61,2.99,0
0.14,0.23,0.05,1.94,1.72,1
0.20,0.28,-0.15,2.11,1.96,1
0.08,0.16,-0.02,8.50,1.40,0
0.36,0.43,0.18,0.32,2.62,0
0.45,0.52,0.21,0.39,3.08,0
0.22,0.30,-0.07,3.69,2.04,0
0.10,0.19,0.06,0.21,1.54,1
0.51,0.58,0.11,1.87,3.43,0
0.40,0.47,0.13,1.40,2.81,0
0.44,0.51,0.05,5.15,3.02,0
0.42,0.49,0.47,0.90,2.90,0
0.46,0.53,0.06,0.48,3.14,0
0.24,0.32,0.07,0.47,2.14,1
0.10,0.19,0.34,1.21,1.53,0
0.43,0.49,0.32,1.71,2.94,0
0.63,0.69,0.40,1.01,4.48,0
0.46,0.53,0.39,1.02,3.13,0
0.26,0.33,0.10,0.32,2.19,1
0.27,0.34,0.28,1.23,2.24,1
0.60,0.66,-0.08,7.15,4.11,0
0.27,0.35,-0.01,0.49,2.26,1
0.55,0.61,0.01,0.43,3.71,0
0.30,0.37,0.55,3.15,2.37,0
0.32,0.39,0.46,0.38,2.46,0
0.57,0.63,0.22,0.44,3.81,0
0.24,0.32,0.04,1.01,2.14,1
0.23,0.31,-0.12,0.77,2.08,0
0.17,0.26,0.09,3.01,1.86,0
0.69,0.74,-0.20,3.63,5.39,0
0.74,0.79,0.10,0.54,8.71,0
0.62,0.68,0.41,0.72,4.33,0
0.36,0.43,-0.03,1.11,2.64,0
0.60,0.66,0.08,12.27,4.11,0
0.25,0.33,0.08,1.45,2.17,0
0.74,0.79,0.31,0.69,9.24,0
0.71,0.76,0.12,1.05,6.06,0
0.01,0.10,0.37,2.03,0.62,0
0.37,0.44,0.14,1.31,2.69,0
0.57,0.63,0.17,3.45,3.87,0
0.43,0.50,-0.23,0.65,2.97,1
0.18,0.27,0.33,1.49,1.90,0
0.69,0.75,-0.10,2.24,5.59,0
0.39,0.70,0.02,0.39,4.00,0
0.45,0.57,0.10,0.16,3.39,0
0.35,0.65,-0.37,3.42,3.97,0
0.53,0.49,-0.11,0.14,4.14,0
0.44,0.44,0.16,0.44,3.82,0
0.05,0.14,0.28,0.63,1.15,0
0.22,0.37,-0.20,0.31,1.13,1
0.48,0.39,0.29,0.60,3.74,0
0.62,0.72,0.27,1.25,4.27,0
0.47,0.58,0.14,0.35,3.44,1
0.09,0.31,0.29,2.75,1.60,0
0.34,0.34,-0.29,0.12,3.46,0
0.34,0.23,0.02,1.17,1.67,0
0.10,0.23,0.21,1.68,1.41,1
0.51,0.62,0.36,1.48,3.37,0
0.69,0.70,0.29,0.71,6.48,0
0.62,0.68,0.50,2.24,3.49,0
0.35,0.38,0.04,0.47,2.07,1
0.63,0.37,0.01,1.04,3.48,0
0.22,0.37,0.33,1.09,2.28,0
0.32,0.58,0.08,0.87,3.43,0
0.24,0.37,0.13,0.88,2.00,0
0.45,0.51,0.37,0.15,4.33,0
0.65,0.58,0.46,1.90,8.23,0
0.38,0.47,-0.03,3.88,1.29,0
0.68,0.64,0.00,6.93,4.99,0
0.42,0.50,0.44,0.73,5.20,0
0.38,0.46,0.15,0.66,2.03,0
0.21,0.36,0.04,0.05,1.91,1
0.27,0.49,0.63,0.44,2.93,0
0.41,0.53,0.06,0.65,2.37,1
0.51,0.48,0.33,1.12,2.70,0
0.27,0.45,0.07,0.92,2.96,1
0.40,0.64,0.27,1.05,3.46,0
0.62,0.51,-0.03,0.89,3.69,0
0.16,0.20,0.27,4.08,1.34,1
0.08,0.45,0.34,5.36,1.48,0
0.19,0.53,0.18,0.39,2.05,0
0.72,0.46,-0.12,2.21,5.71,0
0.34,0.44,0.22,0.33,2.01,0
0.49,0.34,-0.16,0.65,2.41,0
0.38,0.59,-0.05,1.27,3.33,0
0.41,0.42,0.13,1.13,2.08,0
0.35,0.52,-0.17,2.22,2.79,1
0.49,0.37,0.18,1.44,3.64,0
0.14,0.16,0.31,1.07,1.50,0
0.30,0.51,0.02,0.37,2.66,1
0.34,0.62,0.08,2.12,3.89,0
0.30,0.45,0.13,0.53,1.53,0
0.12,0.34,0.24,1.44,1.77,0
0.08,0.28,0.12,0.37,1.06,1
0.64,0.54,0.23,1.02,4.84,0
0.51,0.27,0.42,0.47,2.25,0
0.49,0.53,0.16,13.23,3.07,0
0.40,0.26,0.40,2.09,1.64,0
0.35,0.67,-0.02,0.98,3.76,0
0.49,0.55,0.23,1.38,3.84,0
0.16,0.51,0.44,2.98,2.35,0
0.52,0.59,0.09,0.58,3.99,0
0.27,0.30,0.08,0.15,2.67,0
0.47,0.58,0.37,1.21,3.34,0
0.49,0.56,0.34,0.30,3.49,0
0.38,0.64,0.29,0.86,3.90,0
0.32,0.49,0.29,0.81,2.61,0
0.66,0.69,0.39,0.04,6.80,0
0.30,0.27,0.16,0.97,1.01,0
0.63,0.71,0.37,2.44,4.54,0
0.41,0.51,0.21,3.21,2.35,0
0.28,0.28,0.02,1.42,1.77,0
0.33,0.39,0.18,0.35,1.50,1
0.13,0.40,0.42,1.24,1.14,0
0.53,0.42,0.34,1.83,4.46,0
0.19,0.36,0.49,0.35,1.35,0
0.50,0.60,-0.29,0.27,3.61,0
0.24,0.45,0.37,0.79,1.37,0
0.23,0.28,-0.24,4.16,1.75,0
0.43,0.55,0.13,2.37,2.39,0
0.27,0.45,0.28,11.54,2.31,0
0.10,0.48,0.18,5.93,1.78,0
0.19,0.27,0.41,2.42,2.30,0
0.39,0.50,-0.14,4.55,8.02,0
0.58,0.46,0.12,1.59,3.45,0
0.43,0.30,0.29,0.13,2.45,0
0.27,0.61,0.07,0.75,3.34,0
0.48,0.50,0.39,1.06,4.00,0
0.57,0.61,0.30,1.64,4.01,0
0.59,0.47,0.20,2.98,4.62,0
0.08,0.13,-0.08,0.90,0.72,1
0.20,0.38,0.10,2.55,2.13,0
0.25,0.48,0.51,1.32,1.63,0
0.39,0.35,0.24,1.19,2.71,0
0.47,0.33,-0.06,6.31,3.19,0
0.12,0.22,0.10,3.00,1.91,0
0.74,0.64,-0.20,1.83,10.51,0
0.54,0.48,0.30,1.38,3.09,0
0.14,0.21,0.18,0.19,1.52,0
0.51,0.33,-0.25,1.53,2.54,0
0.36,0.51,-0.11,2.97,2.43,0
0.29,0.34,0.04,4.37,2.08,0
0.16,0.36,0.20,0.64,1.71,0
0.55,0.48,0.31,0.41,3.64,0
0.63,0.60,0.25,0.15,3.56,0
0.40,0.50,-0.04,0.09,3.57,0
0.17,0.33,0.22,0.57,1.91,1
0.30,0.41,0.49,2.33,1.80,0
0.49,0.63,0.07,0.55,5.42,0
0.61,0.48,0.68,6.03,4.91,0
0.47,0.52,0.50,0.40,2.21,1
0.37,0.52,0.38,2.40,3.44,0
0.43,0.58,0.17,4.55,2.87,0
0.48,0.54,0.23,2.45,3.87,0
0.39,0.40,0.00,1.23,1.87,0
0.11,0.30,0.17,0.36,1.94,1
0.23,0.41,0.15,0.49,1.23,0
0.30,0.66,-0.02,3.21,3.45,0
0.33,0.45,0.30,3.75,3.08,0
0.08,0.20,0.26,0.95,1.23,0
0.37,0.52,0.01,0.61,2.51,0
0.42,0.47,0.20,0.56,1.96,1
0.27,0.46,0.26,0.74,1.39,0
0.35,0.62,0.00,0.65,3.15,1
0.23,0.28,0.39,1.48,2.58,0
0.41,0.44,0.34,2.90,6.03,0
0.03,0.18,0.51,1.16,0.91,1
0.39,0.40,-0.04,17.48,3.52,0
0.69,0.62,0.17,0.30,4.74,0
0.17,0.55,0.20,2.15,2.33,0
0.31,0.54,-0.04,0.38,3.21,0
0.44,0.57,0.26,0.38,4.61,0
0.47,0.46,-0.08,1.76,5.09,0
0.23,0.33,0.22,0.89,1.93,1
0.50,0.38,-0.04,0.25,4.14,0
0.53,0.59,0.32,0.79,2.66,0
0.65,0.55,0.32,3.43,4.13,0
0.51,0.45,0.09,1.44,2.88,0
0.36,0.34,0.09,1.12,2.72,1
0.62,0.39,0.39,0.59,3.63,0
0.36,0.51,0.09,3.47,1.87,0
0.11,0.23,0.27,1.12,1.88,1
0.38,0.54,-0.12,5.80,2.97,0
0.33,0.30,0.25,0.53,2.93,0
0.24,0.50,0.13,1.96,1.97,1
0.38,0.54,-0.18,2.52,2.44,0
0.54,0.33,-0.08,3.24,2.68,1
0.34,0.47,-0.25,0.98,2.37,1
0.64,0.68,-0.07,0.67,5.66,0
0.39,0.73,0.11,0.37,5.69,0
0.52,0.35,0.24,4.72,3.42,0
0.31,0.31,0.23,0.68,2.43,0
0.33,0.43,0.42,9.81,4.19,0
0.47,0.57,0.00,0.39,2.56,0
0.26,0.23,0.10,1.11,1.34,1
0.55,0.34,-0.06,4.05,3.24,0
0.22,0.33,0.31,0.55,1.49,1
0.22,0.49,0.04,0.91,2.28,0
0.29,0.26,0.10,1.90,2.08,0
0.35,0.62,0.10,1.56,3.71,0
0.26,0.32,-0.06,1.72,2.26,0
0.24,0.29,0.34,0.57,1.97,0
0.30,0.44,-0.08,0.67,2.92,0
0.39,0.46,0.24,1.76,2.54,0
0.14,0.28,0.44,0.89,1.55,0
0.38,0.31,0.03,0.96,1.92,1
0.10,0.29,-0.12,0.31,1.84,0
0.44,0.55,0.42,0.55,2.09,0
0.08,0.19,0.53,0.83,1.66,1
0.16,0.28,0.17,0.43,1.88,1
0.43,0.41,0.20,0.13,1.97,0
0.60,0.77,0.18,0.40,10.57,0
0.20,0.42,0.39,1.08,1.51,0
0.36,0.30,0.34,1.72,0.94,0
0.39,0.58,0.30,0.92,2.68,0
0.15,0.40,0.15,2.62,2.06,0
0.34,0.52,0.24,0.34,4.61,0
0.33,0.34,0.01,1.13,2.06,1
0.29,0.64,0.45,3.74,3.68,0
0.27,0.18,0.19,3.32,1.00,1
0.12,0.16,0.29,4.51,1.58,0
0.43,0.44,0.22,0.89,2.88,0
0.43,0.34,0.33,1.97,2.23,0
0.63,0.44,0.10,1.06,4.09,0
0.46,0.54,0.21,0.44,4.56,0
0.38,0.63,0.39,2.19,3.53,0
0.54,0.74,-0.28,1.53,4.49,0
0.43,0.48,0.29,0.62,5.51,0
0.63,0.53,0.11,1.98,3.62,0
0.27,0.30,0.27,1.03,1.59,0
0.20,0.19,-0.07,1.63,1.51,1
0.43,0.42,0.16,3.03,2.42,0
0.26,0.55,0.36,1.06,3.00,0
0.13,0.36,0.19,1.59,2.05,1
0.38,0.34,0.27,0.63,1.84,1
0.40,0.27,0.17,1.36,1.71,0
0.41,0.59,0.31,0.70,5.74,0
0.33,0.48,0.05,1.73,4.29,0
0.06,0.33,0.03,0.78,1.02,1
0.38,0.19,0.55,1.38,1.75,0
0.43,0.22,-0.13,1.33,2.04,0
0.40,0.45,-0.14,0.36,2.75,1
0.31,0.45,0.22,1.97,2.52,0
0.37,0.61,0.26,0.25,5.81,0
0.47,0.40,0.25,0.50,2.49,0
0.70,0.73,0.00,0.53,5.25,0
0.09,0.37,0.25,2.13,0.96,0
0.49,0.50,0.14,1.63,2.37,0
0.21,0.34,-0.06,0.32,2.31,1
0.32,0.36,0.15,0.45,1.83,1
0.40,0.71,0.05,0.29,5.13,0
0.48,0.64,-0.27,0.16,4.32,0
0.52,0.47,0.61,0.23,5.69,0
0.24,0.48,0.28,0.28,2.48,1
0.41,0.26,0.17,1.15,1.61,0
0.52,0.46,0.22,1.83,3.38,0
0.59,0.32,0.00,4.05,2.96,0
0.30,0.24,0.14,0.93,1.21,1
0.36,0.34,0.37,0.41,2.15,1
0.43,0.27,0.30,0.50,2.12,0
0.34,0.26,0.17,2.00,1.52,0
0.57,0.70,0.31,1.00,5.00,0
0.36,0.24,0.26,1.32,1.33,0
0.39,0.61,0.25,0.24,3.91,0
0.34,0.46,0.07,2.42,2.18,1
0.68,0.57,0.29,1.07,4.62,0
0.32,0.54,0.18,1.15,1.98,0
0.11,0.50,0.01,0.62,1.89,1
0.34,0.24,0.25,0.61,1.32,0
0.49,0.46,0.00,1.55,2.27,1
0.40,0.48,0.41,0.28,3.45,0
0.49,0.63,0.14,6.80,4.48,0
0.14,0.38,0.21,1.35,2.14,0
0.32,0.28,0.38,0.73,2.61,0
0.09,0.31,0.11,4.57,1.57,0
0.44,0.26,0.04,1.07,2.12,1
0.25,0.55,0.39,1.91,2.63,0
0.28,0.12,0.23,0.66,0.87,0
0.48,0.55,0.03,0.99,6.73,0
0.59,0.69,0.13,0.39,5.28,0
0.56,0.63,0.26,0.36,4.47,0
0.43,0.70,0.31,0.56,4.32,0
0.39,0.32,0.10,0.72,2.90,0
0.33,0.67,0.34,4.44,3.47,0
0.16,0.35,0.39,0.43,2.27,0
0.36,0.61,0.21,0.46,2.63,0
0.34,0.46,0.15,0.73,3.06,0
0.12,0.32,0.68,1.23,1.44,0
0.42,0.34,-0.05,0.53,2.98,1
0.25,0.42,0.05,0.18,1.99,0
0.04,0.41,-0.01,1.76,1.21,1
0.52,0.72,0.52,5.56,5.25,0
0.18,0.36,0.18,0.17,1.73,0
0.43,0.63,0.10,7.50,3.57,0
0.59,0.73,0.20,3.39,4.95,0
0.29,0.40,0.16,1.13,3.68,0
0.39,0.63,0.28,2.91,8.63,0
0.20,0.38,0.24,1.26,2.45,0
0.30,0.41,-0.07,4.69,2.76,0
0.66,0.39,0.26,1.22,4.34,0
0.42,0.26,-0.03,1.89,2.15,1
0.22,0.18,0.51,0.58,1.83,1
0.08,0.42,0.34,0.28,1.05,1
0.16,0.25,-0.16,1.87,2.03,1
0.34,0.30,0.33,3.54,2.06,0
0.23,0.14,0.32,0.17,1.28,1
0.55,0.60,0.13,0.47,3.96,0
0.20,0.48,0.38,2.94,2.29,0
0.50,0.57,0.39,1.23,2.33,0
0.52,0.55,0.08,1.68,4.32,0
0.56,0.54,0.08,0.80,4.31,0
0.35,0.45,0.06,2.24,5.35,0
0.49,0.67,0.14,1.31,3.96,0
0.54,0.67,0.54,0.38,4.83,0
0.37,0.39,-0.07,0.74,2.11,0
0.31,0.22,0.20,1.93,1.61,1
0.67,0.73,0.18,2.21,7.03,0
0.16,0.53,0.30,2.09,2.18,0
0.16,0.48,0.20,0.22,2.02,0
0.26,0.26,0.06,0.62,1.31,0
0.57,0.44,0.71,0.35,5.46,0
0.48,0.60,0.48,0.88,5.96,0
0.44,0.68,0.38,1.67,6.33,0
0.13,0.27,-0.02,2.74,2.13,0
0.42,0.40,0.07,0.76,3.65,0
0.48,0.71,-0.05,1.47,3.90,0
0.65,0.69,0.16,1.00,4.36,0
0.36,0.32,-0.10,2.27,1.81,1
0.29,0.40,0.19,0.18,3.31,0
0.51,0.38,0.38,0.45,2.52,0
0.37,0.25,0.44,3.89,1.25,0
0.11,0.46,0.29,6.05,1.83,0
0.61,0.62,0.21,3.20,3.65,0
0.08,0.13,-0.11,1.85,1.29,0
0.18,0.19,-0.06,1.29,0.79,0
0.45,0.63,0.08,0.94,4.28,0
0.41,0.57,0.40,1.48,2.90,0
0.60,0.64,0.03,5.61,5.06,0
0.51,0.58,-0.09,3.55,2.77,0
0.51,0.58,0.13,1.68,3.43,0
0.43,0.58,-0.23,1.99,3.65,0
0.22,0.39,-0.02,0.84,2.35,1
0.36,0.69,-0.03,1.06,4.36,0
0.35,0.34,0.26,0.68,1.97,0
0.58,0.68,0.18,0.88,6.00,0
0.63,0.64,0.03,0.61,4.48,0
0.44,0.34,0.32,0.66,2.93,0
0.13,0.14,0.10,3.13,0.97,1
0.63,0.53,0.41,0.43,3.63,0
0.30,0.33,0.01,0.22,2.29,0
0.16,0.48,0.07,1.53,1.94,0
0.17,0.20,-0.14,2.36,1.07,0
0.41,0.17,0.16,0.77,1.70,0
0.45,0.72,0.21,0.81,5.42,0
0.40,0.42,-0.04,0.88,2.23,0
0.27,0.46,0.29,0.60,1.43,0
0.51,0.54,0.06,1.71,3.93,0
0.22,0.35,-0.28,0.84,1.41,1
0.42,0.48,0.65,1.07,2.49,0
0.38,0.50,0.04,1.08,2.72,1
0.25,0.32,-0.04,0.45,2.79,0
0.30,0.66,-0.02,6.44,3.10,0
0.26,0.56,0.18,1.51,3.09,1
0.16,0.24,0.01,1.40,0.89,1
0.37,0.26,0.15,0.53,1.70,1
0.36,0.44,0.08,0.73,2.86,0
0.59,0.49,-0.10,0.12,3.43,1
0.35,0.49,-0.22,1.46,1.97,1
0.33,0.48,0.25,0.69,2.63,0
0.45,0.19,-0.02,4.17,1.78,0
0.66,0.75,-0.05,1.26,5.33,0
0.38,0.29,0.07,0.63,1.90,1
0.43,0.41,0.00,0.97,2.28,0
0.53,0.55,0.41,1.96,3.66,0
0.41,0.45,0.16,0.57,2.03,0
0.60,0.56,0.30,0.83,3.04,0
0.37,0.43,0.33,0.50,2.36,0
0.44,0.63,-0.22,0.76,3.72,0
0.37,0.58,0.51,2.39,2.58,0
0.39,0.45,0.28,0.75,2.19,0
0.17,0.29,0.26,2.34,1.54,0
0.51,0.64,0.22,0.87,5.67,0
0.33,0.58,0.03,2.88,3.26,0
0.49,0.42,0.52,2.35,3.70,0
0.54,0.48,0.33,3.90,3.80,0
0.64,0.66,0.25,1.73,5.38,0
0.34,0.35,-0.31,0.63,1.89,1
0.53,0.44,-0.16,5.55,2.78,0
0.29,0.26,0.43,1.04,1.16,0
0.43,0.64,-0.04,0.26,3.22,0
0.19,0.32,-0.03,0.34,2.41,1
0.39,0.70,-0.10,1.42,5.26,0
0.51,0.52,-0.32,0.38,2.84,0
0.46,0.52,-0.04,1.24,2.01,0
0.28,0.32,0.03,1.50,1.08,1
0.46,0.52,0.16,0.35,3.53,1
0.41,0.19,-0.03,0.80,1.76,0
0.37,0.17,0.08,0.39,1.29,1
0.19,0.52,-0.02,0.68,2.61,1
0.28,0.52,-0.06,0.88,2.15,0
0.32,0.48,0.14,1.89,2.38,0
0.28,0.21,-0.15,0.93,1.63,1
0.57,0.43,0.17,12.30,4.14,0
0.68,0.41,0.11,1.13,4.17,0
0.26,0.35,-0.35,0.51,2.92,1
0.50,0.51,0.26,0.35,2.81,1
0.35,0.21,-0.06,0.27,1.42,1
0.53,0.56,0.09,0.20,3.04,0
0.46,0.57,-0.15,0.61,3.39,0
0.16,0.32,0.18,3.45,1.78,1
0.14,0.28,0.13,3.67,1.47,1
0.26,0.47,0.14,1.06,2.64,0
0.55,0.43,0.43,0.58,3.64,0
0.53,0.59,0.18,0.27,4.29,0
0.31,0.52,0.25,3.57,2.85,0
0.21,0.51,-0.33,0.90,2.06,0
0.30,0.31,0.36,0.58,2.61,1
0.49,0.54,0.10,0.75,2.51,0
0.39,0.63,0.09,0.44,4.38,0
0.38,0.58,0.08,0.25,2.68,0
0.47,0.60,-0.19,1.23,3.45,1
0.28,0.40,0.03,5.31,2.86,0
0.51,0.56,0.38,1.65,4.29,0
0.40,0.36,0.21,1.11,3.17,0
0.23,0.33,0.21,1.27,1.98,0
0.41,0.39,0.16,6.51,1.79,0
0.43,0.52,0.21,0.98,2.06,0
0.50,0.38,-0.22,3.31,2.47,0
0.47,0.72,0.33,2.68,6.75,0
0.27,0.16,0.20,0.43,0.81,0
0.62,0.44,0.19,0.70,3.28,0
0.21,0.43,0.24,3.69,2.22,0
0.66,0.60,-0.21,3.36,4.37,0
0.16,0.57,0.10,2.30,2.33,0
0.29,0.27,0.11,0.32,2.61,1
0.40,0.50,0.21,1.83,2.76,0
0.49,0.45,0.25,0.25,2.14,0
0.16,0.38,-0.17,2.08,1.22,1
0.32,0.51,0.15,0.23,3.15,0
0.37,0.41,0.17,1.75,2.67,0
0.25,0.54,0.15,0.39,2.41,1
0.52,0.45,0.13,3.25,4.38,0
0.29,0.14,0.34,1.65,1.17,0
0.25,0.54,-0.09,1.26,3.16,0
0.28,0.35,-0.07,0.63,3.41,1
0.11,0.14,-0.01,0.81,1.13,0
0.25,0.14,0.27,1.37,1.43,1
0.45,0.40,0.21,0.17,2.71,0
0.23,0.36,-0.16,0.92,2.36,1
0.50,0.58,0.47,0.73,5.49,0
0.32,0.43,0.48,0.48,2.22,0
0.67,0.54,0.46,0.42,4.26,0
0.10,0.38,-0.16,2.89,1.86,1
0.59,0.45,0.38,3.02,3.74,0
0.27,0.56,0.40,0.11,2.89,0
0.36,0.46,0.38,2.01,4.55,0
0.16,0.17,0.15,0.17,1.14,0
0.45,0.45,-0.21,2.47,2.66,0
0.18,0.32,0.13,2.72,2.50,0
0.22,0.43,0.03,0.79,1.14,0
0.36,0.34,0.12,0.62,3.30,0
0.03,0.25,0.24,0.87,0.75,0
0.13,0.18,0.22,0.92,1.44,1
0.24,0.39,0.07,0.66,1.86,1
0.53,0.47,0.46,1.50,5.32,0
0.46,0.56,0.08,0.15,3.61,0
0.31,0.20,0.11,0.96,1.16,0
0.46,0.49,0.24,0.16,3.58,1
0.36,0.27,0.41,0.36,0.90,1
0.15,0.36,0.28,5.08,2.22,0
0.26,0.35,0.22,15.67,3.36,0
0.36,0.72,0.39,0.79,4.24,0
0.08,0.22,0.04,0.58,0.51,1
0.40,0.44,-0.27,6.53,3.97,0
0.64,0.50,0.33,2.27,6.11,0
0.33,0.48,0.11,0.22,2.27,1
0.58,0.54,0.14,0.70,3.87,0
0.36,0.43,0.01,0.50,4.00,0
0.71,0.71,0.15,1.79,5.60,0
0.24,0.44,-0.08,0.13,2.41,0
0.70,0.71,0.06,2.39,5.17,0
0.21,0.29,0.25,0.68,1.48,0
0.63,0.74,0.49,1.79,8.75,0
0.49,0.34,0.12,17.14,3.38,0
0.46,0.57,0.33,1.45,4.39,0
0.47,0.37,-0.18,0.85,3.63,0
0.60,0.63,0.18,0.42,6.35,0
0.26,0.28,-0.04,1.76,1.79,1
0.39,0.45,0.11,0.70,2.29,0
0.33,0.49,0.24,0.13,3.93,0
0.16,0.21,-0.05,2.38,0.76,1
0.46,0.27,0.44,0.38,2.33,0
0.37,0.70,0.15,0.57,5.38,0
0.50,0.42,0.32,2.50,3.10,0
0.33,0.53,0.39,1.22,2.14,0
0.50,0.47,0.28,3.09,3.11,0
0.41,0.20,-0.02,0.50,1.42,1
0.22,0.32,0.24,1.54,1.91,0
0.21,0.26,0.00,1.86,1.68,1
0.24,0.18,-0.21,0.19,1.25,1
0.32,0.20,0.05,0.98,1.89,0
0.38,0.39,-0.08,0.43,3.09,0
0.50,0.67,0.08,1.43,4.74,0
0.29,0.57,0.27,0.45,2.44,0
0.45,0.36,0.12,5.93,3.48,0
0.32,0.41,0.42,1.55,2.92,0
0.28,0.35,0.03,0.72,3.10,1
0.38,0.56,-0.07,4.77,3.33,0
0.37,0.61,0.20,2.18,2.68,0
0.39,0.51,0.36,1.60,3.34,0
0.58,0.52,0.26,0.69,3.50,0
0.34,0.24,0.10,0.51,1.51,1
0.28,0.11,-0.01,0.73,0.96,0
0.31,0.42,0.28,2.01,3.69,0
0.24,0.44,0.10,0.79,2.08,0
0.47,0.21,0.12,1.35,2.07,0
0.60,0.49,-0.23,6.68,4.08,0
0.24,0.35,0.08,1.04,3.06,0
0.36,0.64,0.19,0.53,4.23,0
0.41,0.41,0.17,2.35,2.13,0
0.46,0.33,0.52,0.31,2.79,0
0.48,0.56,0.36,2.17,3.65,0
0.47,0.33,-0.11,0.74,3.07,0
0.55,0.64,0.04,1.22,4.18,0
0.37,0.50,0.12,1.47,3.66,0
0.14,0.39,0.17,1.18,1.51,0
0.42,0.59,-0.11,0.60,3.15,1
0.31,0.30,0.16,0.87,2.19,1
0.25,0.40,-0.17,0.36,1.49,0
0.54,0.40,0.29,0.44,2.84,0
0.46,0.57,0.02,1.18,4.80,0
0.66,0.52,-0.08,0.93,5.07,0
0.60,0.57,0.21,0.21,4.99,0
0.37,0.70,0.29,0.43,5.48,0
0.43,0.48,0.29,0.31,1.79,0
0.61,0.55,-0.14,4.92,3.46,0
0.48,0.63,-0.32,1.30,4.01,0
0.10,0.27,-0.02,2.28,1.62,1
0.35,0.26,0.00,0.45,1.54,0
0.59,0.63,-0.31,0.62,6.95,0
0.32,0.35,0.61,0.51,2.89,0
0.14,0.20,-0.03,4.24,1.82,1
0.32,0.43,0.06,4.57,0.89,0
0.51,0.55,0.34,0.90,4.99,0
0.68,0.54,0.10,0.76,7.80,0
0.23,0.46,0.25,0.44,2.27,1
0.59,0.58,0.11,4.04,3.11,0
0.06,0.28,0.07,2.69,0.66,0
0.17,0.50,0.40,0.72,1.88,0
0.34,0.36,-0.18,7.86,2.39,0
0.41,0.53,-0.19,0.88,2.72,1
0.52,0.56,0.17,1.84,3.68,0
0.41,0.49,0.00,1.37,2.61,0
0.56,0.55,-0.17,1.17,3.64,1
0.52,0.39,0.05,0.50,3.56,0
0.61,0.51,0.47,0.31,7.72,0
0.27,0.56,0.24,1.78,2.38,0
0.54,0.44,0.30,1.61,3.75,0
0.59,0.58,0.24,0.77,3.44,0
0.27,0.29,-0.08,2.57,1.56,1
0.32,0.23,-0.24,0.59,1.69,1
0.35,0.42,-0.10,0.47,1.84,0
0.36,0.41,0.31,1.89,3.84,0
0.41,0.59,0.33,0.36,4.17,0
0.42,0.51,0.26,0.31,2.95,0
0.15,0.34,-0.05,0.51,1.67,1
0.52,0.73,0.32,2.82,4.20,0
0.40,0.32,-0.28,0.26,1.44,0
0.42,0.44,0.10,0.21,1.72,1
0.38,0.29,0.16,0.72,2.18,0
0.33,0.36,0.01,0.39,2.47,1
0.45,0.49,-0.06,0.44,3.44,0
0.39,0.58,0.15,0.59,2.58,0
0.37,0.59,0.45,1.13,3.19,0
0.24,0.50,0.18,0.47,2.94,0
0.33,0.33,0.17,0.22,2.40,1
0.30,0.21,0.08,0.11,1.30,1
0.27,0.56,0.20,15.75,3.04,0
0.65,0.72,0.54,1.04,4.70,0
0.44,0.41,0.11,5.19,2.34,0
0.13,0.20,0.45,1.44,1.43,0
0.46,0.61,0.10,1.86,3.23,0
0.22,0.31,0.31,1.01,2.52,0
0.29,0.41,0.01,0.15,1.04,0
0.53,0.79,0.35,2.30,9.52,0
0.35,0.47,0.24,1.37,4.32,0
0.63,0.53,0.15,2.56,4.35,0
0.69,0.67,0.21,4.02,5.56,0
0.63,0.49,0.24,0.92,5.06,0
0.57,0.68,0.48,2.50,5.21,0
0.33,0.32,0.02,0.77,2.03,0
0.28,0.63,0.13,0.25,2.93,0
0.52,0.27,0.04,0.74,2.34,1
0.53,0.67,0.52,1.01,3.53,0
0.18,0.35,-0.05,0.88,2.31,1
0.46,0.34,-0.06,1.03,2.70,1
0.31,0.18,0.02,1.48,1.57,0
0.22,0.20,0.35,2.63,1.73,0
0.22,0.46,0.05,0.70,1.23,0
0.42,0.61,0.10,6.50,6.10,0
0.14,0.20,-0.15,1.00,1.61,0
0.37,0.20,0.15,1.14,1.91,0
0.45,0.48,0.80,2.40,5.31,0
0.55,0.66,0.15,1.82,3.85,0
0.52,0.33,-0.07,0.41,2.73,0
0.64,0.64,-0.02,2.15,3.74,0
0.41,0.32,-0.04,1.20,2.55,0
0.21,0.39,0.31,0.43,2.32,0
0.28,0.59,0.07,0.88,3.41,0
0.27,0.40,0.08,0.15,2.42,0
0.36,0.43,0.26,5.07,3.30,0
0.30,0.57,-0.03,1.21,4.00,0
0.37,0.47,-0.09,0.35,2.42,0
0.37,0.38,0.14,2.46,1.39,1
0.66,0.59,0.42,0.65,3.97,0
0.33,0.28,0.15,6.29,1.82,0
0.21,0.27,0.05,1.53,1.37,0
0.51,0.71,-0.15,1.31,7.05,0
0.48,0.49,0.02,1.17,4.02,0
0.42,0.47,0.11,0.80,2.02,1
0.46,0.55,0.16,6.27,2.26,0
0.39,0.46,0.20,0.60,5.22,0
0.32,0.31,0.20,1.36,1.99,0
0.26,0.35,-0.21,0.39,1.74,0
0.51,0.53,-0.02,1.12,2.73,1
0.41,0.46,-0.01,1.04,1.83,1
0.57,0.60,0.08,3.35,5.11,0
0.65,0.71,0.03,3.29,4.93,0
0.55,0.36,0.08,0.45,3.17,0
0.22,0.52,0.21,1.06,1.80,0
0.40,0.62,-0.09,1.37,4.52,0
0.27,0.47,0.26,0.52,2.21,1
0.15,0.33,0.10,0.36,2.12,0
0.46,0.49,0.19,4.01,1.90,0
0.19,0.58,-0.11,0.59,2.60,0
0.55,0.36,0.22,0.73,3.31,0
0.45,0.54,-0.05,0.15,4.96,0
0.45,0.52,0.20,0.63,2.00,0
0.43,0.49,0.47,1.05,4.49,0
0.33,0.47,0.24,2.81,2.27,0
0.28,0.43,0.17,8.21,3.23,0
0.64,0.43,-0.07,2.26,4.72,0
0.44,0.57,-0.06,2.72,2.57,0
0.31,0.38,-0.21,2.16,0.95,0
0.47,0.63,-0.04,0.44,3.57,1
0.52,0.57,-0.22,0.19,4.76,0
0.23,0.46,0.21,2.90,2.10,1
0.21,0.54,0.10,1.07,2.17,1
0.27,0.41,0.11,2.50,2.98,0
0.53,0.57,0.41,0.87,2.57,0
0.25,0.46,0.16,0.75,2.17,0
0.37,0.65,-0.03,0.58,4.55,0
0.45,0.49,0.13,0.48,5.36,0
0.46,0.39,-0.17,0.81,3.87,0
0.42,0.55,0.24,0.61,4.44,0
0.26,0.18,0.03,2.26,1.21,1
0.44,0.52,-0.05,0.51,4.54,0
0.04,0.42,0.15,0.30,1.39,0
0.30,0.33,0.31,0.34,0.90,1
0.18,0.39,0.29,0.95,2.52,0
0.15,0.49,0.19,29.90,2.04,0
0.39,0.38,0.01,0.15,2.87,0
0.11,0.25,0.17,1.12,1.69,0
0.35,0.29,-0.09,1.22,2.65,1
0.44,0.74,0.33,1.70,5.49,0
0.70,0.79,0.34,0.18,6.66,0
0.35,0.52,-0.02,1.18,3.38,1
0.20,0.39,0.35,1.51,2.67,0
0.37,0.51,0.04,0.37,1.66,1
0.17,0.56,0.24,0.43,2.13,0
0.45,0.51,0.12,1.34,4.44,0
0.53,0.38,-0.16,0.96,4.13,0
0.44,0.38,0.18,2.24,4.16,0
0.69,0.78,-0.05,1.94,6.00,0
0.22,0.20,-0.21,9.05,1.80,0
0.27,0.46,-0.21,1.28,2.30,0
0.59,0.45,0.03,1.74,4.27,0
0.62,0.45,0.24,1.79,3.60,0
0.42,0.50,0.01,0.36,3.37,0
0.45,0.53,-0.10,1.81,2.22,0
0.30,0.22,-0.11,0.64,1.00,0
0.54,0.32,0.29,1.00,3.12,0
0.58,0.63,0.01,1.22,6.91,0
0.26,0.51,-0.04,2.53,2.42,0
0.47,0.68,0.33,0.13,3.58,0
0.34,0.43,0.10,5.07,2.16,1
0.08,0.24,-0.10,0.24,0.96,0
0.49,0.24,-0.13,1.20,2.25,0
0.42,0.44,0.24,0.86,2.76,1
0.45,0.47,0.23,1.13,1.97,0
0.08,0.22,0.02,0.48,1.37,0
0.42,0.54,0.48,0.57,4.15,0
0.46,0.66,-0.09,0.35,9.54,0
0.26,0.49,-0.21,1.62,2.73,0
0.53,0.65,-0.16,1.68,5.68,0
0.19,0.41,0.52,1.05,1.60,0
0.45,0.26,-0.03,1.28,2.35,0
0.45,0.45,0.01,0.46,3.49,0
0.41,0.52,0.08,1.77,1.93,0
0.24,0.34,0.05,4.12,2.48,0
0.38,0.50,0.05,1.56,5.12,0
0.32,0.46,0.10,5.25,1.33,0
0.51,0.31,0.49,0.93,3.00,0
0.42,0.31,0.35,1.75,2.30,1
0.53,0.48,-0.07,0.85,4.82,0
0.36,0.70,0.28,3.80,3.65,0
0.11,0.34,-0.12,0.45,1.13,1
0.31,0.59,-0.19,1.26,4.05,0
0.45,0.52,0.33,0.24,4.19,0
0.24,0.53,0.05,1.02,2.86,0
0.54,0.63,0.21,2.41,4.01,0
0.23,0.47,0.31,0.52,2.09,0
0.68,0.57,0.06,1.84,4.70,0
0.42,0.38,0.41,5.48,4.00,0
0.06,0.28,0.13,1.87,1.37,0
0.63,0.69,0.46,0.51,3.58,0
0.45,0.24,0.04,0.54,1.81,1
0.61,0.48,0.32,0.23,3.32,0
0.34,0.46,0.27,1.34,2.46,1
0.37,0.43,0.22,0.78,2.32,0
0.44,0.54,0.24,3.27,4.22,0
0.29,0.40,0.06,1.22,1.14,1
0.30,0.38,0.05,0.88,2.88,1
0.27,0.44,0.32,0.86,3.10,0
0.50,0.41,0.07,0.39,4.40,0
0.43,0.54,-0.08,3.34,2.94,0
0.56,0.52,-0.03,0.67,7.77,0
0.30,0.37,0.07,2.37,2.60,0
0.05,0.31,0.14,2.42,0.89,0
0.55,0.44,-0.03,0.85,5.08,0
0.61,0.58,0.21,1.59,4.14,0
0.50,0.53,0.32,0.99,2.34,0
0.42,0.36,0.36,0.66,3.05,0
0.64,0.72,-0.03,0.26,4.72,0
0.56,0.53,0.34,0.16,3.23,0
0.32,0.50,0.03,0.73,2.82,0
0.38,0.59,-0.19,0.15,2.59,1
0.41,0.64,0.20,1.76,3.88,0
0.17,0.48,0.31,0.45,2.25,0
0.27,0.43,-0.15,2.58,2.31,1
0.18,0.31,0.18,0.96,1.88,0
0.41,0.39,0.32,2.43,1.95,0
0.39,0.33,0.17,1.13,2.82,0
0.46,0.67,0.40,0.50,3.34,0
0.60,0.64,0.15,0.83,4.02,0
0.52,0.56,0.14,1.06,2.84,0
0.28,0.51,0.11,0.23,1.92,1
0.37,0.70,0.19,1.04,4.02,0
0.54,0.67,0.00,0.73,3.76,0
0.29,0.52,0.41,0.58,3.17,0
0.22,0.33,0.13,1.15,1.87,0
0.34,0.56,0.15,0.25,3.55,0
0.60,0.53,-0.11,2.97,8.12,0
0.18,0.29,0.36,11.10,1.64,0
0.44,0.48,0.25,6.95,2.91,0
0.44,0.50,0.31,1.79,3.05,0
0.52,0.69,0.16,3.52,6.10,0
0.51,0.60,0.21,0.32,4.22,0
0.46,0.43,0.29,1.45,2.59,1
0.58,0.62,0.51,1.93,5.31,0
0.32,0.41,0.21,2.42,1.05,0
0.07,0.46,-0.11,1.88,1.40,1
0.44,0.52,0.31,0.26,3.89,0
0.44,0.52,0.06,4.57,5.10,0
0.42,0.73,0.12,1.75,4.55,0
0.14,0.36,0.41,1.82,2.19,0
0.48,0.57,0.39,0.51,3.18,0
0.28,0.54,0.30,1.84,2.22,0
0.52,0.31,0.07,1.02,2.46,0
0.49,0.62,0.03,10.68,3.85,0
0.28,0.27,0.22,2.99,1.19,1
0.12,0.38,0.35,0.09,1.43,1
0.39,0.36,0.75,0.30,3.13,0
0.47,0.47,0.41,0.45,4.02,0
0.31,0.69,0.24,0.25,3.45,0
0.39,0.67,0.25,0.65,6.63,0
0.47,0.54,0.36,0.46,2.28,0
0.33,0.38,0.26,0.42,1.48,0
0.42,0.45,-0.16,6.77,4.14,0
0.22,0.31,-0.16,0.53,2.62,0
0.19,0.42,0.09,0.26,2.06,1
0.57,0.57,0.21,2.24,3.98,0
0.18,0.37,0.15,1.87,2.55,0
0.56,0.41,0.39,0.50,3.28,0
0.32,0.36,0.26,0.06,1.62,1
0.48,0.74,0.14,0.72,9.36,0
0.47,0.44,-0.01,2.05,5.23,0
0.66,0.70,-0.08,0.70,6.55,0
0.30,0.52,0.29,0.83,3.35,0
0.25,0.59,0.00,0.07,3.11,0
0.42,0.49,0.03,0.39,2.17,0
0.32,0.35,0.05,3.40,2.89,0
0.40,0.54,0.21,1.74,4.48,0
0.61,0.76,0.12,1.74,5.56,0
0.28,0.55,0.22,1.03,3.19,0
0.17,0.37,-0.03,2.20,2.11,0
0.65,0.56,0.30,0.92,4.07,0
0.62,0.52,0.01,1.02,6.52,0
0.06,0.29,-0.01,1.70,1.30,1
0.29,0.42,0.31,8.50,2.87,0
0.42,0.49,0.30,9.69,2.47,0
0.37,0.60,-0.36,0.93,2.49,0
0.27,0.29,0.14,1.48,1.42,1
0.50,0.61,0.26,3.88,4.04,0
0.09,0.37,0.47,0.15,1.66,1
0.39,0.27,0.13,0.42,2.41,0
0.19,0.42,0.18,0.63,1.44,0
0.32,0.54,0.70,9.46,3.48,0
0.71,0.55,0.05,0.35,6.92,0
0.37,0.31,0.18,1.12,1.56,1
0.44,0.41,0.30,1.86,3.75,0
0.27,0.21,0.39,0.20,1.83,0
0.43,0.62,0.29,0.85,2.83,0
0.31,0.47,-0.10,10.03,2.61,0
0.37,0.51,0.19,1.31,2.44,0
0.52,0.56,0.03,0.76,6.14,0
0.39,0.37,-0.03,1.01,2.69,1
0.10,0.46,0.22,3.04,1.59,1
0.28,0.20,0.25,1.02,1.70,1
0.63,0.46,0.03,0.18,6.64,0
0.53,0.44,0.03,0.84,4.38,0
0.37,0.30,-0.54,1.48,2.78,0
0.39,0.20,0.21,1.69,1.75,0
0.26,0.32,-0.40,0.14,2.94,1
0.54,0.45,-0.22,1.87,2.91,0
0.50,0.38,0.41,0.48,2.67,0
0.36,0.56,-0.07,1.75,2.37,0
0.27,0.26,0.07,0.51,1.65,1
0.36,0.41,0.02,7.24,3.69,0
0.37,0.41,0.10,2.53,4.12,0
0.57,0.47,-0.04,2.55,2.89,0
0.39,0.53,0.66,0.27,4.64,0
0.60,0.69,0.16,2.09,4.06,0
0.29,0.56,0.23,0.36,3.40,0
0.45,0.48,-0.04,0.72,2.05,1
0.49,0.50,0.24,8.33,2.17,0
0.46,0.60,0.09,6.10,3.97,0
0.25,0.48,0.30,0.32,2.01,0
0.20,0.39,0.50,1.32,1.63,0
0.43,0.38,-0.06,0.31,2.40,0
0.40,0.58,0.11,1.23,4.92,0
0.46,0.41,0.20,0.14,2.96,0
0.47,0.53,0.05,1.19,3.93,0
0.18,0.29,-0.17,2.87,1.37,0
0.40,0.42,0.40,3.37,1.61,0
0.26,0.49,-0.27,0.76,1.76,0
0.41,0.56,0.27,3.36,2.83,0
0.31,0.67,-0.02,0.67,3.59,0
0.33,0.61,0.11,0.73,3.66,0
0.15,0.37,0.29,1.38,1.60,0
0.35,0.43,0.04,0.24,1.53,1
0.54,0.58,0.23,0.56,3.80,0
0.32,0.50,0.37,1.86,2.53,0
0.33,0.55,0.13,0.51,2.70,0
0.23,0.35,-0.17,0.28,2.25,0
0.40,0.63,0.13,0.69,7.89,0
0.43,0.62,0.15,4.49,3.68,0
0.63,0.70,0.39,1.05,5.31,0
0.13,0.33,-0.07,0.90,2.10,1
0.60,0.64,0.39,0.86,4.92,0
0.38,0.38,0.36,0.56,1.40,0
0.32,0.54,0.35,0.48,2.57,0
0.26,0.35,0.20,0.36,1.12,1
0.54,0.63,0.32,1.55,2.97,0
0.48,0.36,-0.09,0.27,2.88,0
0.67,0.53,-0.13,0.67,6.06,0
0.19,0.25,0.18,0.32,1.98,1
0.43,0.48,0.32,0.68,1.64,0
0.18,0.35,0.20,1.07,1.96,0
0.33,0.48,0.09,1.17,1.91,0
0.20,0.29,0.07,0.88,2.41,1
0.13,0.22,0.05,2.28,1.50,0
0.58,0.46,0.23,0.99,3.50,0
0.52,0.48,0.69,1.69,5.55,0
0.32,0.42,-0.20,4.94,3.31,0
0.34,0.24,-0.02,1.72,1.35,1
0.41,0.56,-0.04,5.98,2.23,0
0.33,0.45,0.57,0.99,1.89,0
0.17,0.34,0.52,1.20,1.97,0
0.59,0.36,0.05,2.78,3.08,0
0.46,0.64,-0.07,0.48,4.02,1
0.56,0.51,0.49,0.23,2.87,0
0.40,0.24,-0.24,0.33,2.29,1
0.21,0.61,0.21,2.34,2.61,0
0.45,0.59,0.22,0.22,2.66,0
0.36,0.42,0.32,0.13,2.08,0
0.27,0.40,0.03,1.79,1.56,1
0.59,0.42,0.26,2.92,3.63,0
0.34,0.55,0.26,0.36,2.36,0
0.42,0.48,-0.03,0.73,1.81,1
0.52,0.60,-0.07,0.63,4.13,0
0.48,0.48,0.33,1.31,3.41,0
0.26,0.60,-0.18,0.04,2.98,1
0.33,0.44,0.17,0.26,2.21,1
0.40,0.54,0.06,3.29,2.91,0
0.31,0.54,0.51,0.58,2.21,0
0.51,0.43,0.22,1.35,3.96,0
0.62,0.70,0.18,1.28,5.53,0
0.41,0.48,0.17,1.11,4.30,0
0.40,0.79,0.30,2.93,7.23,0
0.31,0.47,0.15,1.22,4.11,0
0.61,0.52,0.35,1.42,5.07,0
0.45,0.40,0.32,0.66,2.94,1
0.65,0.54,0.54,0.78,5.79,0
0.64,0.46,0.47,0.24,5.85,0
0.30,0.46,0.39,9.60,3.66,0
0.68,0.59,0.10,0.32,4.19,0
0.26,0.33,0.55,1.95,3.30,0
0.28,0.45,0.16,3.20,3.39,0
0.47,0.34,0.06,0.50,2.73,0
0.35,0.53,0.22,9.33,2.34,0
0.21,0.23,0.27,0.97,2.03,0
0.36,0.66,0.24,0.26,3.99,0
0.40,0.26,0.09,2.04,1.51,0
0.12,0.25,0.16,2.96,1.92,0
0.31,0.52,0.22,0.95,3.17,1
0.12,0.17,0.54,0.39,1.12,1
0.28,0.21,0.19,0.57,1.68,0
0.30,0.42,0.54,1.95,2.45,0
0.55,0.54,0.21,0.33,4.08,0
0.24,0.39,0.14,0.37,2.11,0
0.34,0.53,0.46,1.86,2.20,0
0.39,0.45,0.12,3.07,3.69,0
0.46,0.53,-0.08,2.57,3.44,0
0.48,0.50,-0.01,4.11,2.99,0
0.16,0.16,-0.02,1.15,1.63,0
0.02,0.17,0.46,1.61,0.90,0
0.28,0.50,0.19,0.14,1.97,1
0.38,0.37,-0.01,2.11,1.68,0
0.28,0.37,0.22,0.29,2.35,1
0.23,0.37,0.14,0.39,2.41,1
0.42,0.45,0.29,1.37,3.69,0
0.33,0.69,0.03,6.93,3.58,0
0.43,0.51,-0.17,3.32,4.72,0
0.33,0.68,-0.30,3.58,3.29,0
0.62,0.48,0.24,3.82,5.64,0
0.50,0.54,0.10,1.34,7.72,0
0.19,0.24,0.67,0.10,1.80,0
0.08,0.35,0.20,2.90,1.59,0
0.46,0.61,0.29,0.87,2.69,0
0.15,0.38,0.09,1.08,1.13,1
0.62,0.45,-0.09,1.05,3.37,1
0.27,0.32,0.20,0.82,2.68,0
0.20,0.35,0.19,1.91,1.50,1
0.17,0.21,-0.14,1.18,1.77,1
0.39,0.50,0.13,0.42,2.52,0
0.38,0.35,-0.14,0.36,0.81,1
0.41,0.45,0.35,0.55,3.30,0
0.25,0.33,0.32,9.12,3.27,0
0.43,0.40,0.08,2.16,3.92,0
0.53,0.56,0.11,0.19,2.63,0
0.46,0.45,-0.04,0.46,4.57,0
0.21,0.27,-0.01,0.39,2.65,0
0.54,0.46,0.41,0.80,2.90,0
0.64,0.50,0.12,0.25,4.41,0
0.25,0.56,-0.20,2.46,2.41,0
0.37,0.41,-0.11,0.80,4.64,0
0.57,0.40,0.58,1.49,3.15,0
0.45,0.50,0.31,1.88,2.29,0
0.24,0.44,0.02,0.41,1.77,1
0.40,0.45,0.22,1.43,4.72,0
0.40,0.49,-0.15,0.63,2.30,0
0.59,0.56,0.43,0.65,5.32,0
0.48,0.63,0.16,1.19,4.37,0
0.46,0.44,-0.03,0.98,2.43,1
0.26,0.55,0.20,0.46,2.34,0
0.47,0.44,0.20,0.52,2.51,1
0.18,0.40,-0.21,1.02,1.98,0
0.34,0.46,0.05,0.81,1.67,1
0.21,0.42,0.11,2.57,2.03,0
0.17,0.36,0.20,0.95,1.60,1
0.49,0.59,0.16,0.06,2.98,0
0.38,0.35,0.30,1.88,1.15,1
0.39,0.62,0.05,3.73,2.72,0
0.31,0.70,0.44,1.19,3.66,0
0.28,0.19,0.33,0.88,1.45,0
0.21,0.34,0.11,0.37,2.24,0
0.31,0.37,0.22,0.34,3.13,0
0.21,0.34,0.44,4.00,1.79,0
0.58,0.69,0.26,1.26,4.14,0
0.57,0.43,-0.25,0.65,5.29,0
0.49,0.39,0.41,0.66,2.22,0
0.23,0.12,0.14,0.38,0.70,0
0.60,0.53,-0.04,2.57,5.57,0
0.62,0.59,0.14,1.07,5.63,0
0.67,0.55,0.33,0.32,7.07,0
0.29,0.60,-0.02,6.33,2.53,0
0.18,0.53,0.19,17.74,2.28,0
0.28,0.45,0.23,0.69,2.62,0
0.19,0.52,0.07,2.48,2.61,0
0.46,0.74,-0.04,0.25,6.28,0
0.20,0.42,0.18,0.54,2.17,0
0.48,0.51,0.10,3.16,2.81,0
0.58,0.56,-0.04,1.58,2.95,0
0.53,0.68,0.12,3.85,3.55,0
0.32,0.49,0.28,0.80,3.17,0
0.30,0.37,0.28,2.82,3.35,0
0.26,0.40,0.11,0.27,1.29,0
0.37,0.29,0.26,1.39,1.59,1
0.28,0.47,0.69,0.60,3.01,1
0.20,0.17,0.14,0.57,1.72,0
0.45,0.69,0.28,0.31,3.73,0
0.39,0.41,0.08,0.34,1.90,1
0.48,0.58,-0.22,0.46,2.50,1
0.45,0.49,0.34,2.00,2.65,0
0.49,0.37,0.06,2.69,2.77,0
0.43,0.40,0.33,1.54,4.07,0
0.30,0.26,0.04,0.73,1.31,0
0.05,0.28,0.09,0.09,1.31,1
0.33,0.44,-0.02,0.17,2.12,1
0.34,0.45,0.30,1.58,2.19,0
0.15,0.35,-0.21,1.91,1.80,1
0.30,0.44,0.05,1.15,2.25,0
0.41,0.24,0.08,1.88,1.62,0
0.50,0.28,0.29,0.98,2.60,0
0.46,0.41,-0.12,2.30,2.48,0
0.39,0.58,0.39,1.28,3.46,0
0.42,0.27,-0.05,2.40,2.47,0
0.19,0.28,0.10,1.04,2.56,0
0.59,0.59,0.08,4.61,9.60,0
0.65,0.75,-0.11,0.56,5.40,0
0.38,0.45,-0.12,1.05,3.55,0
0.07,0.21,0.41,0.42,1.61,1
0.45,0.52,0.27,0.54,8.20,0
0.38,0.56,0.38,0.19,3.30,0
0.40,0.45,0.05,2.13,6.13,0
0.45,0.67,0.31,1.98,5.13,0
0.21,0.47,0.22,2.25,1.48,0
0.37,0.35,-0.33,0.66,1.02,1
0.52,0.65,0.32,0.32,9.01,0
0.20,0.32,0.28,0.47,2.24,0
0.44,0.42,0.07,1.03,3.22,0
0.47,0.58,0.25,0.11,3.65,0
0.43,0.57,0.08,0.36,3.56,0
0.35,0.29,0.00,0.83,2.22,0
0.59,0.69,0.00,0.54,3.60,0
0.35,0.28,0.10,6.10,1.64,0
0.64,0.59,0.29,2.29,4.28,0
0.41,0.21,0.22,1.27,1.75,1
0.41,0.32,-0.16,0.30,1.50,1
0.30,0.58,-0.10,2.00,3.41,0
0.36,0.16,0.16,1.94,1.17,1
0.45,0.60,0.19,0.72,3.85,0
0.22,0.59,-0.12,1.80,2.57,1
0.45,0.51,0.15,0.69,3.97,0
0.67,0.44,-0.14,1.44,5.52,0
0.37,0.18,0.46,0.20,1.73,0
0.26,0.54,0.07,0.34,2.08,0
0.02,0.21,0.17,2.50,1.09,1
0.35,0.26,-0.13,3.17,1.42,0
0.40,0.69,0.29,0.37,4.05,0
0.47,0.43,0.01,0.61,3.78,1
0.45,0.72,-0.13,0.07,6.22,0
0.34,0.31,0.28,1.26,3.02,0
0.48,0.30,0.26,0.29,2.73,0
0.17,0.37,-0.09,0.34,1.57,1
0.48,0.33,0.22,0.85,2.95,0
0.36,0.26,-0.02,7.99,1.87,0
0.58,0.69,0.57,0.73,6.52,0
0.37,0.42,0.36,0.59,0.96,0
0.37,0.31,0.29,0.28,1.34,1
0.12,0.47,0.08,0.39,1.72,1
0.13,0.41,0.21,0.95,2.01,0
0.42,0.53,0.29,0.45,2.57,0
0.65,0.68,0.04,0.66,5.58,0
0.63,0.43,0.38,1.85,4.91,0
0.61,0.36,0.04,1.68,3.48,0
0.43,0.49,0.21,1.75,1.96,1
0.52,0.63,0.43,0.34,3.37,0
0.43,0.33,0.23,0.21,2.38,0
0.72,0.60,-0.03,1.16,8.16,0
0.35,0.28,0.44,1.37,2.33,0
0.25,0.43,-0.01,0.52,2.23,0
0.64,0.54,0.21,5.72,3.78,0
0.37,0.35,0.12,7.47,1.50,0
0.37,0.49,-0.06,0.11,5.35,0
0.17,0.33,0.38,0.74,0.89,1
0.49,0.67,0.27,1.22,3.95,0
0.50,0.66,-0.10,0.86,4.16,0
0.32,0.37,0.04,2.24,3.15,1
0.69,0.63,0.06,1.64,6.39,0
0.31,0.34,-0.18,0.30,2.78,0
0.13,0.36,-0.16,1.50,1.89,1
0.62,0.67,0.55,1.13,3.75,0
0.41,0.33,0.24,4.14,2.42,0
0.28,0.35,0.15,2.41,2.46,0
0.36,0.45,0.20,2.11,2.53,1
0.56,0.51,0.31,0.35,7.82,0
0.38,0.42,0.01,0.71,2.16,1
0.40,0.61,0.48,5.88,3.86,0
0.25,0.23,0.39,1.54,2.20,0
0.55,0.55,0.00,1.35,3.80,0
0.32,0.32,0.21,0.94,1.67,0
0.48,0.59,0.08,0.31,3.22,0
0.64,0.48,0.11,0.67,5.13,0
0.25,0.47,0.46,1.96,2.97,0
0.50,0.38,0.09,0.60,2.58,1
0.24,0.26,0.33,0.27,2.46,0
0.44,0.59,0.21,3.25,2.70,0
0.45,0.46,0.29,1.43,2.43,0
0.32,0.28,0.08,9.64,2.24,0
0.31,0.45,0.32,0.62,1.40,0
0.58,0.42,0.05,0.11,5.09,0
0.42,0.63,-0.07,1.39,4.61,0
0.42,0.30,0.24,0.19,1.94,0
0.59,0.57,0.07,0.62,7.45,0
0.34,0.12,-0.02,0.75,0.96,1
0.29,0.40,0.36,4.40,2.96,0
0.11,0.52,0.23,1.32,1.80,0
0.37,0.60,0.38,0.65,3.25,0
0.30,0.21,-0.06,7.12,1.76,0
0.33,0.50,0.34,0.65,2.09,1
0.21,0.40,-0.12,0.41,2.72,1
0.31,0.32,0.11,0.26,1.65,0
0.33,0.51,0.53,2.05,1.76,0
0.38,0.53,0.01,20.69,3.31,0
0.45,0.66,-0.15,0.37,3.39,0
0.37,0.58,0.37,0.86,4.70,0
0.22,0.16,0.71,0.47,1.49,0
0.40,0.26,0.53,0.14,1.81,0
0.11,0.13,-0.01,0.26,1.08,1
0.47,0.42,0.09,0.21,3.68,1
0.34,0.64,-0.29,2.39,3.91,1
0.11,0.50,0.04,1.72,1.81,0
0.47,0.56,-0.12,0.79,2.70,1
0.59,0.64,0.12,0.21,5.68,0
0.67,0.62,-0.47,3.61,6.54,0
0.52,0.61,-0.03,0.14,5.11,0
0.28,0.51,0.41,1.48,2.81,0
0.65,0.46,0.31,2.53,4.35,0
0.45,0.63,0.25,3.02,7.82,0
0.34,0.44,0.26,0.60,3.90,0
0.33,0.45,0.32,2.65,3.98,0
0.25,0.31,0.11,2.68,2.47,0
0.39,0.16,0.14,38.57,1.51,0
0.50,0.60,0.15,1.75,2.49,0
0.16,0.39,0.20,0.76,1.17,0
0.52,0.51,0.40,2.46,4.06,0
0.16,0.22,-0.17,2.29,1.46,1
0.39,0.49,0.27,1.73,3.02,0
0.33,0.15,0.24,0.77,1.03,1
0.17,0.40,0.07,0.88,1.62,1
0.35,0.34,0.51,0.63,1.44,0
0.40,0.62,0.27,0.47,2.73,0
0.49,0.47,0.35,0.30,2.52,0
0.44,0.37,0.19,10.69,2.66,0
0.58,0.60,0.25,0.84,3.79,0
0.37,0.59,-0.03,9.60,4.65,0
0.18,0.19,0.08,2.34,1.03,1
0.06,0.33,-0.01,0.77,1.47,0
0.48,0.70,-0.17,1.65,3.90,0
0.41,0.45,0.17,0.92,1.80,1
0.39,0.26,-0.18,0.36,1.31,0
0.51,0.63,0.15,0.99,2.91,0
0.49,0.37,0.04,2.64,2.55,0
0.22,0.32,0.14,0.47,2.13,1
0.07,0.15,0.12,0.25,1.39,1
0.16,0.47,0.16,2.66,1.62,1
0.50,0.58,-0.14,0.39,2.60,0
0.43,0.57,-0.03,0.12,3.77,0
0.51,0.49,0.26,1.74,2.89,0
0.17,0.28,0.13,0.81,1.64,1
0.20,0.34,0.34,3.95,2.16,0
0.24,0.46,0.12,0.28,2.30,0
0.51,0.34,0.23,1.73,2.75,0
0.38,0.72,0.22,5.40,9.86,0
0.43,0.66,-0.16,0.98,5.70,0
0.21,0.56,-0.07,0.63,2.36,0
0.24,0.29,0.08,4.73,2.44,0
0.14,0.14,0.20,1.88,0.89,0
0.64,0.56,0.01,9.92,3.70,0
0.13,0.38,0.29,0.18,1.92,0
0.36,0.50,0.46,0.26,2.02,0
0.41,0.65,0.13,1.37,3.14,0
0.14,0.17,0.25,2.06,1.09,0
0.08,0.26,-0.02,5.67,1.70,0
0.56,0.63,0.00,3.28,6.80,0
0.66,0.56,0.31,1.91,5.51,0
0.38,0.49,-0.21,0.99,1.87,1
0.37,0.38,0.09,1.60,3.56,0
0.38,0.32,-0.02,2.94,2.31,0
0.22,0.26,-0.06,0.45,1.76,1
0.39,0.41,0.39,1.70,4.30,0
0.37,0.30,0.48,0.43,1.62,1
0.60,0.49,-0.04,0.26,3.43,0
0.31,0.36,-0.12,0.74,1.09,1
0.38,0.28,-0.16,3.04,2.20,0
0.19,0.31,-0.13,1.50,2.22,0
0.25,0.26,0.47,1.76,1.87,1
0.10,0.31,-0.02,0.24,1.54,1
0.48,0.47,0.16,0.98,2.52,0
0.42,0.46,0.05,2.76,1.85,0
0.43,0.46,0.16,2.48,5.00,0
0.50,0.58,0.17,2.04,2.81,0
0.44,0.40,0.15,0.98,4.51,0
0.38,0.33,0.37,1.71,2.81,0
0.16,0.39,0.57,2.82,1.59,0
0.59,0.62,0.26,2.23,4.36,0
0.44,0.73,-0.03,0.34,4.46,0
0.42,0.66,0.44,0.32,4.54,0
0.36,0.51,0.33,0.25,3.53,0
0.37,0.59,0.11,0.89,2.66,0
0.46,0.54,0.34,3.43,3.45,0
0.23,0.43,0.06,4.13,2.68,0
0.34,0.55,0.33,1.37,3.57,0
0.14,0.19,0.19,0.22,1.82,0
0.50,0.54,-0.11,0.36,2.24,0
0.19,0.42,0.10,0.78,1.59,0
0.20,0.48,0.17,3.06,2.10,0
0.12,0.48,0.26,0.65,1.47,1
0.32,0.61,-0.03,2.30,3.03,0
0.41,0.46,0.36,3.62,1.60,0
0.46,0.33,0.16,0.75,3.20,0
0.30,0.30,-0.04,0.95,1.86,1
0.47,0.63,0.23,0.99,3.00,0
0.24,0.19,0.25,0.89,1.69,1
0.11,0.37,0.14,0.66,1.57,0
0.40,0.54,0.15,0.52,3.23,0
0.21,0.31,0.15,2.14,1.34,0
0.47,0.33,0.08,0.35,3.13,0
0.39,0.43,-0.02,0.24,2.45,0
0.50,0.50,0.19,2.09,3.87,0
0.22,0.42,0.61,0.88,1.70,1
0.45,0.48,-0.04,0.38,2.60,0
0.51,0.60,0.70,2.15,3.08,0
0.26,0.44,0.23,1.67,2.58,1
0.35,0.43,0.07,0.75,2.83,0
0.39,0.42,0.44,3.87,2.89,0
0.64,0.41,0.06,4.59,4.41,0
0.39,0.47,0.21,2.15,3.87,0
0.32,0.29,0.37,3.59,2.41,0
0.06,0.13,-0.03,1.06,1.10,1
0.23,0.50,0.37,2.66,1.88,0
0.23,0.34,0.31,0.20,2.49,1
0.39,0.39,-0.02,0.56,2.01,0
0.28,0.47,0.10,0.98,3.75,0
0.09,0.16,0.16,0.40,1.55,1
0.49,0.56,0.79,0.43,2.55,0
0.26,0.65,0.11,3.49,3.24,0
0.44,0.60,-0.11,0.42,2.56,0
0.28,0.34,0.55,5.24,3.03,0
0.43,0.52,0.06,1.30,2.26,0
0.06,0.11,0.24,1.03,1.12,0
0.27,0.43,0.03,0.59,3.02,0
0.19,0.43,0.17,2.07,2.40,0
0.42,0.60,0.17,0.95,5.60,0
0.33,0.33,0.33,1.27,1.53,0
0.41,0.39,-0.09,0.87,3.69,0
0.22,0.25,-0.05,0.60,1.82,0
0.17,0.24,0.13,2.17,1.06,1
0.21,0.19,-0.09,0.16,1.90,1
0.31,0.30,0.39,1.60,2.42,0
0.26,0.38,0.27,1.25,3.10,0
0.25,0.33,-0.05,4.01,3.01,0
0.59,0.44,0.29,0.23,3.52,0
0.24,0.15,0.12,3.10,1.33,0
0.40,0.34,-0.02,1.06,2.49,0
0.19,0.28,-0.02,1.98,2.65,0
0.36,0.43,-0.02,0.51,4.22,1
0.38,0.45,0.45,5.82,3.70,0
0.13,0.39,0.48,1.08,1.45,0
0.04,0.37,-0.06,1.21,1.33,0
0.30,0.36,0.11,1.41,2.03,1
0.51,0.40,0.18,0.55,4.25,0
0.49,0.61,0.15,0.31,4.89,0
0.26,0.40,0.19,0.54,1.71,1
0.33,0.52,0.27,3.04,3.38,0
0.50,0.70,-0.28,0.66,6.11,0
0.56,0.46,0.37,0.70,3.85,0
0.36,0.70,0.54,0.84,4.57,0
0.14,0.46,0.03,0.52,2.12,1
0.49,0.73,0.24,1.55,6.48,0
0.40,0.75,-0.14,0.72,8.79,0
0.19,0.52,-0.23,0.21,2.31,1
0.59,0.61,0.29,1.60,6.76,0
0.22,0.32,0.16,1.06,1.01,1
0.47,0.60,-0.06,0.75,4.85,0
0.49,0.50,0.10,0.45,2.29,0
0.41,0.55,0.28,1.69,2.73,0
0.24,0.38,0.13,0.53,2.03,1
0.34,0.52,0.31,2.39,4.45,0
0.59,0.63,0.06,1.68,5.12,0
0.37,0.68,0.22,4.53,3.66,0
0.39,0.21,-0.27,0.72,1.68,0
0.49,0.54,0.36,0.60,3.34,0
0.52,0.65,-0.23,1.58,3.03,0
0.26,0.47,0.36,0.53,2.82,0
0.46,0.69,0.54,5.31,4.68,0
0.31,0.46,-0.06,0.17,1.33,1
0.73,0.53,0.20,0.49,7.84,0
0.49,0.35,0.16,0.55,2.90,0
0.28,0.57,-0.02,3.03,3.11,0
0.44,0.69,-0.03,1.97,4.63,0
0.42,0.29,-0.02,0.18,2.36,0
0.49,0.61,-0.02,0.30,2.75,1
0.20,0.50,-0.03,1.15,2.57,1
0.47,0.48,0.47,0.59,4.94,0
0.09,0.31,0.12,0.87,0.90,1
0.24,0.47,0.28,1.22,2.60,0
0.46,0.76,0.36,0.12,5.10,0
0.35,0.65,-0.03,0.69,4.06,0
0.71,0.67,-0.18,0.75,5.17,0
0.22,0.46,0.43,3.39,2.64,0
0.16,0.33,0.02,2.18,1.62,0
0.38,0.26,0.16,1.70,1.46,0
0.12,0.28,0.52,0.32,1.97,0
0.38,0.13,0.34,0.26,1.20,1
0.48,0.29,0.05,2.73,2.41,0
0.61,0.49,0.05,0.80,8.94,0
0.42,0.53,0.00,1.16,7.88,0
0.19,0.45,0.13,2.12,1.60,1
0.17,0.35,-0.15,4.50,1.67,0
0.29,0.47,0.19,1.62,1.28,1
0.47,0.67,0.13,0.24,6.29,0
0.33,0.43,-0.20,3.32,2.80,0
0.53,0.63,0.29,0.32,5.36,0
0.24,0.32,0.29,0.91,1.36,0
0.31,0.21,0.06,0.96,2.10,0
0.27,0.55,0.09,0.81,3.26,0
0.45,0.72,-0.09,1.61,3.95,0
0.39,0.55,0.24,1.51,3.44,0
0.19,0.22,0.37,1.02,2.16,1
0.27,0.43,-0.13,0.30,2.23,1
0.53,0.54,0.46,0.28,2.52,0
0.34,0.41,-0.09,0.67,3.33,0
0.43,0.63,-0.04,1.69,3.93,0
0.36,0.37,0.11,0.67,1.32,0
0.46,0.55,-0.24,0.26,3.33,0
0.53,0.66,-0.15,3.03,5.13,0
0.45,0.56,0.07,5.92,2.39,0
0.46,0.34,0.27,8.36,2.76,0
0.49,0.68,0.01,2.52,3.87,0
0.13,0.22,0.20,1.15,2.00,0
0.19,0.25,0.21,0.50,1.93,1
0.07,0.19,0.27,1.65,1.17,0
0.16,0.47,0.06,0.84,1.92,1
0.49,0.56,-0.05,0.54,2.95,1
0.52,0.70,0.22,0.99,3.60,0
0.60,0.60,-0.03,0.70,3.39,0
0.16,0.32,0.07,5.43,1.93,0
0.57,0.68,0.44,3.96,4.39,0
0.66,0.69,0.09,1.68,4.43,0
0.28,0.42,0.27,0.81,2.84,0
0.61,0.50,0.69,2.34,3.91,0
0.17,0.29,-0.58,1.39,1.90,1
0.34,0.31,0.38,2.54,1.92,0
0.55,0.39,0.48,0.29,3.22,0
0.45,0.63,0.33,1.16,5.62,0
0.62,0.76,0.34,0.13,8.05,0
0.35,0.37,0.45,1.49,1.49,0
0.61,0.57,-0.04,0.75,3.66,0
0.11,0.46,0.05,4.32,1.55,1
0.27,0.43,0.24,0.64,3.01,0
0.12,0.20,-0.01,0.98,1.70,1
0.35,0.45,0.30,0.33,0.93,0
0.67,0.48,0.06,1.25,6.56,0
0.42,0.38,0.14,2.51,2.02,0
0.20,0.35,0.36,0.26,1.60,0
0.48,0.42,0.12,4.01,3.52,0
0.49,0.70,0.21,1.70,4.44,0
0.25,0.29,-0.07,1.08,2.14,1
0.33,0.30,0.07,3.87,2.26,0
0.07,0.40,0.33,0.44,0.85,1
0.40,0.60,0.06,1.46,5.38,0
0.25,0.29,0.12,0.56,1.71,1
0.27,0.16,0.31,0.78,1.61,0
0.32,0.15,0.48,2.09,1.41,0
0.41,0.37,0.01,4.52,2.82,0
0.35,0.69,-0.03,1.51,5.35,0
0.47,0.40,0.27,2.12,2.82,0
0.52,0.52,-0.09,0.41,2.83,0
0.36,0.62,0.11,0.15,2.71,0
0.14,0.54,0.38,0.52,2.06,1
0.28,0.37,0.65,2.84,1.50,0
0.26,0.49,0.05,0.91,1.57,1
0.71,0.48,0.27,0.13,5.24,0
0.45,0.29,0.19,0.70,2.52,1
0.51,0.42,-0.04,0.67,3.44,1
0.38,0.26,-0.06,1.14,2.00,1
0.40,0.36,0.40,6.39,3.45,0
0.20,0.36,0.04,1.73,2.08,0
0.42,0.43,0.10,0.29,4.30,0
0.34,0.39,0.22,1.46,3.26,0
0.21,0.17,0.45,4.59,1.34,0
0.35,0.37,0.06,0.84,2.13,0
0.12,0.31,-0.10,1.02,1.52,1
0.20,0.44,0.33,2.62,2.33,0
0.44,0.35,0.45,2.28,2.31,0
0.20,0.45,0.35,5.89,2.59,0
0.37,0.73,0.07,2.53,5.39,0
0.50,0.47,-0.10,3.20,4.92,0
0.24,0.35,0.43,3.57,3.22,0
0.40,0.47,0.25,0.72,4.41,0
0.11,0.47,0.23,2.38,1.58,0
0.59,0.48,0.10,2.12,4.25,0
0.55,0.69,0.14,0.68,7.66,0
0.36,0.54,0.63,2.77,3.91,0
0.43,0.32,0.09,0.61,1.63,0
0.18,0.33,0.24,2.43,2.61,0
0.42,0.53,0.09,3.34,5.88,0
0.60,0.51,0.26,1.08,3.72,0
0.17,0.37,0.03,0.98,2.12,0
0.53,0.64,-0.08,0.14,2.97,0
0.55,0.57,0.53,14.31,3.36,0
0.41,0.46,0.01,1.21,7.66,0
0.43,0.76,-0.02,0.46,5.31,0
0.40,0.30,0.18,2.73,2.98,0
0.27,0.43,-0.03,1.08,2.68,0
0.35,0.49,0.50,6.89,1.70,0
0.49,0.40,0.26,1.16,4.51,0
0.38,0.51,0.11,4.42,2.19,0
0.14,0.38,-0.01,3.45,1.10,0
0.22,0.53,0.63,8.02,1.92,0
0.33,0.54,-0.02,0.82,2.61,1
0.43,0.32,0.35,1.79,1.73,0
0.26,0.51,0.07,0.31,2.10,1
0.53,0.44,0.32,1.61,4.67,0
0.29,0.54,0.12,0.58,2.83,0
0.15,0.24,-0.07,1.16,2.02,0
0.58,0.37,0.03,0.54,3.01,0
0.38,0.79,0.47,1.17,7.31,0
0.45,0.62,0.06,0.97,4.54,0
0.22,0.26,0.11,1.32,1.83,1
0.59,0.66,0.12,6.20,3.50,0
0.32,0.53,0.30,0.80,1.95,0
0.21,0.47,0.38,2.09,1.63,0
0.17,0.27,-0.01,8.81,1.09,0
0.15,0.19,-0.20,0.46,1.60,1
0.34,0.25,0.14,2.61,1.67,0
0.33,0.39,0.06,1.50,1.34,0
0.50,0.66,-0.19,1.32,3.28,0
0.57,0.71,0.01,0.24,5.13,0
0.38,0.45,0.14,1.63,1.15,1
0.43,0.28,0.47,0.39,2.55,0
0.10,0.14,0.13,3.41,1.41,1
0.23,0.22,0.36,0.34,1.71,0
0.33,0.48,0.38,1.84,2.36,0
0.19,0.27,0.10,0.32,1.78,0
0.23,0.38,-0.05,1.84,1.08,1
0.29,0.38,-0.14,5.77,2.42,0
0.13,0.46,-0.03,1.40,2.15,1
0.10,0.17,-0.22,0.32,0.80,1
0.32,0.22,0.23,0.57,1.42,1
0.25,0.40,0.10,1.18,3.22,0
0.13,0.33,0.18,1.53,1.31,0
0.25,0.55,-0.12,5.70,2.48,0
0.22,0.19,0.43,2.70,1.19,1
0.58,0.65,0.03,0.52,8.95,0
0.40,0.39,-0.04,0.63,1.66,1
0.45,0.61,-0.11,0.59,3.25,1
0.51,0.56,0.51,0.90,4.32,0
0.54,0.51,0.27,0.45,3.49,0
0.65,0.53,0.12,0.59,4.87,0
0.32,0.25,0.20,0.11,1.81,0
0.47,0.53,0.18,0.27,5.39,0
0.27,0.57,0.23,0.29,3.51,0
0.37,0.38,0.08,0.67,2.94,1
0.12,0.23,0.20,3.05,1.50,1
0.68,0.40,0.08,0.92,4.58,0
0.54,0.43,-0.06,1.65,3.52,0
0.31,0.45,0.01,1.32,1.86,1
0.20,0.44,-0.04,1.84,1.68,1
0.55,0.65,0.33,2.42,4.61,0
0.26,0.54,0.42,2.96,2.42,0
0.45,0.45,0.37,0.79,4.96,0
0.23,0.30,0.25,2.44,2.28,0
0.44,0.22,0.36,0.74,1.67,0
0.05,0.28,0.01,2.83,0.82,1
0.43,0.40,-0.03,0.71,2.02,1
0.39,0.49,0.54,1.19,1.54,0
0.67,0.66,0.01,2.61,6.51,0
0.44,0.63,0.08,0.41,3.54,0
0.28,0.39,0.05,0.58,2.07,0
0.30,0.59,0.14,4.69,2.51,0
0.38,0.46,-0.03,0.87,1.70,1
0.40,0.37,0.12,2.75,3.16,0
0.19,0.22,0.25,0.75,0.68,1
0.48,0.49,0.38,1.25,3.49,0
0.26,0.15,0.22,3.41,1.34,0
0.23,0.37,0.10,2.90,1.14,0
0.64,0.72,0.13,1.10,4.56,0
0.36,0.46,0.18,0.45,5.23,0
0.65,0.48,0.32,1.63,5.94,0
0.45,0.54,0.22,1.01,3.86,0
0.17,0.14,0.30,0.24,1.23,1
0.09,0.32,0.36,0.68,1.60,0
0.47,0.65,0.46,0.94,3.19,0
0.51,0.36,0.26,3.72,3.19,0
0.32,0.27,-0.16,1.06,1.89,1
0.44,0.38,-0.02,1.89,2.64,0
0.45,0.35,-0.31,2.14,3.11,0
0.59,0.43,0.59,0.71,4.66,0
0.40,0.39,0.01,0.29,3.07,0
0.44,0.50,0.48,0.15,2.98,0
0.34,0.51,-0.26,0.20,2.46,0
0.29,0.34,0.35,1.34,2.34,0
0.29,0.42,-0.08,5.56,1.89,0
0.68,0.54,0.20,1.05,6.62,0
0.27,0.26,0.18,0.18,1.94,1
0.54,0.43,0.67,1.90,2.86,0
0.16,0.47,-0.04,0.48,2.24,1
0.25,0.43,-0.07,2.13,2.73,1
0.72,0.70,0.22,0.21,6.72,0
0.41,0.48,-0.23,1.81,5.66,0
0.43,0.54,-0.01,8.77,2.76,0
0.59,0.56,-0.06,2.59,5.58,0
0.37,0.42,0.05,0.11,3.58,0
0.29,0.59,-0.11,0.75,2.88,0
0.36,0.27,0.31,1.48,2.61,0
0.37,0.45,0.06,0.44,2.65,1
0.60,0.49,0.05,1.19,3.76,0
0.22,0.62,-0.04,3.12,2.81,0
0.13,0.47,-0.21,0.37,1.99,0
0.48,0.50,0.57,2.10,3.17,0
0.42,0.22,0.14,3.07,1.49,0
0.33,0.62,0.24,2.28,3.96,0
0.12,0.40,0.03,0.89,0.77,1
0.13,0.24,0.21,0.23,2.14,1
0.26,0.61,0.24,1.45,2.62,0
0.14,0.50,-0.01,0.20,2.07,0
0.37,0.64,0.60,0.47,4.08,0
0.33,0.13,0.33,0.75,1.33,0
0.17,0.24,0.36,1.32,1.51,1
0.32,0.59,0.00,0.48,4.28,0
0.10,0.43,0.31,4.11,1.45,0
0.12,0.15,0.01,0.49,0.99,1
0.37,0.45,0.53,0.46,2.36,0
0.32,0.38,0.28,1.10,1.88,1
0.14,0.20,0.47,1.03,1.47,0
0.31,0.44,0.43,0.77,2.34,0
0.29,0.39,0.21,49.76,1.45,0
0.28,0.40,-0.26,3.47,3.45,0
0.43,0.16,0.23,2.60,1.65,1
0.41,0.50,-0.15,0.58,2.95,1
0.28,0.33,0.12,0.77,0.74,1
0.33,0.64,-0.06,1.53,4.52,0
0.34,0.19,0.19,0.37,1.31,1
0.25,0.61,-0.15,1.07,3.05,0
0.45,0.43,-0.04,1.21,4.52,0
0.50,0.37,0.08,3.69,2.96,0
0.30,0.44,0.31,3.72,2.96,0
0.31,0.35,0.10,4.90,1.05,0
0.64,0.64,0.33,2.14,4.79,0
0.24,0.37,0.37,1.12,2.43,0
0.38,0.42,0.04,1.46,3.52,0
0.63,0.38,0.09,2.18,3.89,0
0.22,0.41,0.23,2.34,2.43,0
0.53,0.58,0.14,0.08,5.25,0
0.50,0.59,0.25,0.58,4.75,0
0.53,0.65,0.17,1.58,4.08,0
0.23,0.40,0.03,0.72,2.22,0
0.15,0.33,0.14,0.65,1.50,1
0.27,0.55,-0.20,0.37,3.23,1
0.40,0.24,0.23,0.66,1.26,1
0.14,0.42,0.00,4.16,2.02,0
0.35,0.35,0.25,0.42,1.17,0
0.21,0.25,0.14,1.01,2.14,0
0.66,0.49,0.14,0.42,4.02,0
0.22,0.40,0.16,4.09,2.33,0
0.44,0.57,0.34,1.62,3.55,0
0.67,0.74,-0.10,0.16,6.13,0
0.54,0.69,0.17,2.14,6.53,0
0.45,0.74,0.10,1.84,5.54,0
0.17,0.38,-0.09,1.00,1.91,0
0.22,0.21,0.40,0.44,1.95,0
0.70,0.57,0.05,0.23,8.12,0
0.65,0.55,0.32,3.62,4.15,0
0.22,0.23,-0.08,1.94,2.05,0
0.41,0.66,0.08,0.46,3.44,0
0.56,0.66,0.18,3.76,5.28,0
0.38,0.55,0.33,3.27,2.46,0
0.48,0.59,0.05,3.54,4.68,0
0.48,0.50,0.02,15.53,4.17,0
0.60,0.52,0.22,0.65,3.45,0
0.44,0.42,-0.16,0.71,3.29,0
0.46,0.30,0.59,1.12,2.71,0
0.42,0.46,0.12,0.38,5.09,0
0.05,0.26,-0.08,0.84,1.37,1
0.65,0.68,0.05,0.74,3.79,0
0.19,0.18,0.14,0.08,0.53,1
0.46,0.61,0.26,2.63,3.56,0
0.42,0.29,0.51,1.87,1.66,0
0.20,0.27,0.17,0.90,2.60,0
0.34,0.34,0.42,2.02,1.59,0
0.34,0.31,0.03,0.44,1.39,1
0.11,0.18,0.21,5.78,1.26,0
0.59,0.53,0.00,1.20,4.62,0
0.37,0.55,0.00,2.08,4.54,0
0.29,0.35,0.11,1.74,2.38,0
0.65,0.63,0.15,0.89,4.62,0
0.56,0.68,0.15,0.87,3.48,0
0.53,0.44,0.03,0.49,7.15,0
0.21,0.23,0.19,2.52,1.91,1
0.23,0.46,0.15,1.26,2.59,1
0.34,0.59,0.06,0.25,3.66,0
0.49,0.33,0.43,1.12,2.83,0
0.29,0.37,0.05,0.19,3.07,0
0.23,0.37,0.08,10.73,1.54,0
0.26,0.35,0.50,0.48,2.78,1
0.41,0.27,-0.01,1.65,2.17,0
0.37,0.70,-0.03,0.97,4.69,0
0.06,0.13,0.60,1.07,0.68,1
0.65,0.76,0.17,1.86,5.47,0
0.49,0.23,-0.03,0.86,2.13,1
0.35,0.33,0.27,2.48,1.06,0
0.16,0.47,0.44,2.20,1.80,0
0.57,0.43,0.17,6.81,4.46,0
0.47,0.40,0.34,0.83,3.33,0
0.48,0.41,0.27,0.37,4.18,0
0.53,0.29,0.22,2.29,2.67,0
0.37,0.26,0.32,2.55,2.40,0
0.31,0.56,-0.12,1.00,2.15,1
0.31,0.19,0.56,2.91,1.15,0
0.73,0.69,0.19,1.20,5.96,0
0.10,0.44,0.28,0.50,1.68,1
0.17,0.53,0.20,0.32,2.13,0
0.61,0.57,0.23,0.81,3.66,0
0.25,0.41,0.51,0.31,3.03,0
0.40,0.45,0.01,4.30,3.10,0
0.43,0.39,0.60,0.28,1.70,0
0.31,0.22,0.26,1.46,1.79,0
0.25,0.31,0.12,2.23,2.44,1
0.60,0.40,0.15,1.42,3.41,0
0.72,0.64,0.48,0.07,7.11,0
0.32,0.51,0.24,2.85,2.39,0
0.38,0.43,0.36,0.09,2.93,1
0.53,0.72,0.39,2.12,9.77,0
0.36,0.40,-0.06,5.72,1.97,0
0.10,0.39,0.16,0.29,1.82,0
0.30,0.46,0.23,1.10,2.94,0
0.31,0.38,0.19,0.30,3.42,0
0.32,0.67,0.07,2.11,3.35,0
0.15,0.54,0.02,0.60,2.32,1
0.14,0.26,0.18,0.45,1.76,1
0.55,0.62,0.13,1.65,3.47,0
0.34,0.40,0.22,0.60,2.56,1
0.50,0.56,0.04,0.35,3.49,0
0.19,0.47,0.09,0.85,2.27,0
0.38,0.51,-0.04,0.62,2.02,0
0.31,0.45,0.03,0.47,2.05,0
0.57,0.53,0.27,4.20,3.03,0
0.48,0.54,0.10,1.60,3.06,0
0.49,0.49,0.36,0.36,4.10,0
0.36,0.53,0.58,0.42,2.84,0
0.32,0.39,-0.03,0.38,3.24,0
0.18,0.47,0.15,0.06,1.77,0
0.52,0.69,-0.15,0.68,6.65,0
0.21,0.26,0.01,1.65,0.73,1
0.66,0.47,0.43,0.52,5.39,0
0.42,0.61,0.12,4.69,3.53,0
0.42,0.44,0.18,0.21,2.98,0
0.51,0.42,0.32,0.50,3.39,0
0.31,0.57,-0.04,1.45,3.19,0
0.46,0.28,0.26,0.37,2.74,1
0.48,0.48,0.37,0.62,2.20,0
0.70,0.75,0.05,0.54,7.63,0
0.47,0.71,0.23,1.95,4.94,0
0.58,0.31,0.33,0.95,2.93,0
0.41,0.47,0.46,2.26,3.01,0
0.37,0.56,-0.08,4.44,3.20,0
0.41,0.20,0.23,1.63,1.44,0
0.43,0.50,0.18,1.50,4.29,0
0.21,0.51,0.02,0.60,2.21,1
0.31,0.54,-0.15,1.61,2.06,1
0.47,0.52,0.12,0.81,5.40,0
0.34,0.70,0.20,0.41,3.93,0
0.48,0.53,0.05,0.61,2.31,0
0.60,0.44,0.05,0.75,3.16,0
0.17,0.38,0.14,3.99,2.04,0
0.30,0.65,0.19,0.24,3.61,0
0.54,0.46,0.14,0.88,3.10,1
0.19,0.12,0.53,0.78,0.80,0
0.46,0.55,-0.33,1.46,4.55,0
0.34,0.36,-0.03,1.29,3.23,0
0.27,0.51,-0.13,2.80,2.66,0
0.59,0.56,0.31,0.62,6.99,0
0.54,0.63,0.16,0.59,2.80,1
0.30,0.46,0.17,1.10,2.45,0
0.44,0.73,0.02,1.47,4.27,0
0.41,0.46,0.07,0.23,4.08,0
0.35,0.52,0.32,0.33,3.35,0
0.71,0.53,0.16,8.44,5.95,0
0.27,0.67,0.10,3.16,3.49,0
0.71,0.57,0.36,1.19,8.60,0
0.18,0.44,0.04,1.14,1.78,1
0.11,0.40,0.11,2.34,0.60,0
0.18,0.35,0.37,2.21,1.78,1
0.23,0.44,0.26,1.56,2.59,0
0.29,0.58,0.09,2.01,3.03,0
0.36,0.52,-0.15,1.61,2.35,0
0.58,0.44,0.00,0.68,4.36,0
0.51,0.41,0.14,0.75,3.57,0
0.26,0.59,0.35,1.08,2.40,0
0.19,0.52,0.40,0.27,2.39,0
0.57,0.29,0.08,1.29,2.80,0
0.44,0.46,0.40,1.26,2.31,1
0.33,0.17,0.14,1.21,1.20,0
0.12,0.43,0.42,0.44,1.22,0
0.34,0.64,0.19,1.03,3.26,0
0.25,0.25,0.24,0.55,2.42,0
0.09,0.31,0.06,1.17,1.29,0
0.29,0.55,-0.35,1.00,3.72,0
0.13,0.26,0.42,1.20,1.95,1
0.37,0.48,0.18,4.22,3.26,0
0.12,0.21,-0.25,0.97,1.67,1
0.33,0.51,0.14,0.29,2.83,0
0.38,0.43,0.16,2.63,2.55,0
0.13,0.47,0.40,0.47,1.43,0
0.34,0.54,0.02,1.01,2.05,1
0.28,0.44,0.21,1.00,3.45,0
0.33,0.50,0.16,1.02,3.60,0
0.40,0.30,0.19,1.26,2.64,1
0.31,0.41,0.15,0.33,3.29,1
0.33,0.36,0.59,1.30,2.65,0
0.26,0.64,-0.11,1.68,3.06,0
0.48,0.43,0.22,1.21,2.20,0
0.41,0.51,0.15,0.55,5.42,0
0.34,0.61,0.37,1.37,4.03,0
0.48,0.30,-0.01,1.36,2.42,0
0.30,0.46,0.29,1.39,1.60,0
0.48,0.40,0.10,0.28,2.54,1
0.39,0.41,0.09,0.35,4.07,0
0.70,0.58,-0.11,3.15,7.36,0
0.25,0.44,-0.02,2.46,1.23,1
0.60,0.54,-0.19,4.49,4.03,0
0.03,0.29,0.13,2.27,1.04,0
0.53,0.42,-0.18,0.59,4.84,0
0.17,0.34,0.32,0.99,2.44,0
0.24,0.33,0.23,0.86,2.43,0
0.59,0.67,0.11,0.21,3.39,0
0.38,0.38,0.32,0.43,1.53,0
0.42,0.57,-0.16,0.30,2.23,0
0.40,0.34,0.26,1.44,1.24,0
0.39,0.27,0.28,3.14,1.39,0
0.32,0.47,0.10,3.60,3.41,0
0.18,0.57,0.05,2.14,2.47,0
0.45,0.73,-0.02,0.27,4.25,0
0.29,0.38,0.04,0.68,1.94,1
0.45,0.55,0.22,1.57,3.09,0
0.39,0.53,0.22,0.70,2.05,0
0.44,0.57,0.30,5.19,3.08,0
0.15,0.40,0.23,2.10,0.70,0
0.30,0.60,0.30,0.55,2.54,0
0.41,0.45,0.09,1.23,2.27,1
0.46,0.52,0.06,0.11,2.93,0
0.37,0.47,0.25,0.88,2.83,0
0.38,0.51,0.16,8.95,3.58,0
0.20,0.30,-0.09,2.95,2.05,0
0.46,0.51,0.15,1.19,2.25,0
0.43,0.17,0.09,2.48,1.79,0
0.37,0.23,0.35,1.76,1.45,0
0.30,0.29,-0.09,2.23,2.33,0
0.28,0.46,-0.06,1.18,2.19,1
0.60,0.56,0.13,2.47,4.57,0
0.44,0.50,0.19,0.86,4.14,0
0.54,0.50,0.29,0.77,3.04,0
0.21,0.38,-0.21,0.29,1.49,0
0.09,0.24,0.70,1.05,1.71,0
0.36,0.39,0.17,1.94,3.09,0
0.38,0.62,0.73,2.40,3.27,0
0.06,0.19,0.17,1.61,1.51,0
0.27,0.19,-0.04,0.63,1.43,1
0.35,0.58,-0.08,0.43,3.19,0
0.61,0.41,0.46,2.26,4.27,0
0.11,0.27,0.45,2.57,1.86,0
0.43,0.39,0.09,1.55,1.87,1
0.36,0.64,0.05,2.99,4.49,0
0.46,0.38,-0.30,0.94,2.56,0
0.38,0.45,0.07,0.62,4.05,0
0.41,0.46,-0.14,2.23,2.41,0
0.48,0.35,0.05,0.04,2.89,0
0.58,0.66,0.21,0.81,3.93,0
0.23,0.25,0.20,0.52,0.51,1
0.42,0.77,0.13,1.16,8.37,0
0.58,0.38,0.59,0.05,3.38,0
0.45,0.52,0.63,0.45,3.92,0
0.57,0.40,0.21,0.97,3.22,0
0.20,0.41,0.20,0.90,1.10,0
0.32,0.49,0.34,0.92,3.00,1
0.51,0.50,-0.03,0.77,4.39,0
0.56,0.46,-0.02,0.11,9.20,0
0.45,0.40,0.10,2.36,3.85,0
0.17,0.25,0.35,1.30,0.92,0
0.61,0.51,0.11,2.51,3.53,0
0.26,0.25,0.11,0.45,1.68,1
0.61,0.41,-0.15,6.49,3.47,0
0.25,0.30,0.21,0.45,2.70,0
0.55,0.41,0.30,0.46,3.48,0
0.47,0.52,0.27,1.70,2.28,0
0.38,0.42,0.02,3.19,4.22,0
0.25,0.59,0.28,0.46,3.19,0
0.50,0.51,0.47,0.44,3.44,0
0.34,0.41,-0.13,0.75,2.70,1
0.53,0.32,0.09,0.53,2.57,0
0.30,0.46,-0.02,0.69,2.96,0
0.17,0.51,0.15,0.42,1.94,0
0.63,0.65,0.22,0.03,6.78,0
0.43,0.29,0.05,1.03,1.77,0
0.47,0.45,0.16,0.97,6.75,0
0.36,0.51,0.53,0.20,2.42,1
0.16,0.17,0.00,0.10,1.08,1
0.35,0.33,0.52,0.63,1.48,0
0.61,0.46,0.09,0.64,3.15,0
0.42,0.44,0.06,2.17,5.58,0
0.54,0.60,0.41,0.26,5.70,0
0.45,0.52,-0.09,0.86,3.59,1
0.40,0.20,0.42,1.01,1.76,0
0.43,0.48,0.12,0.87,4.33,0
0.54,0.32,-0.20,1.42,2.69,1
0.27,0.45,-0.11,2.92,2.89,0
0.38,0.40,0.10,0.44,2.52,0
0.52,0.66,0.05,4.47,3.50,0
0.43,0.54,0.13,0.85,4.42,0
0.08,0.31,0.33,0.59,1.26,1
0.50,0.50,0.25,6.35,2.19,0
0.58,0.46,0.16,0.86,3.41,0
0.46,0.40,0.01,1.20,2.10,0
0.36,0.53,0.07,0.86,2.53,0
0.50,0.55,0.18,0.81,4.40,0
0.42,0.43,0.21,3.29,3.03,0
0.42,0.38,0.24,1.65,3.89,0
0.29,0.46,0.11,1.08,2.38,0
0.36,0.42,0.56,0.13,1.06,1
0.19,0.54,0.22,1.60,2.44,0
0.61,0.52,0.48,1.47,6.97,0
0.31,0.59,0.50,0.37,2.84,0
0.51,0.48,-0.03,4.28,3.58,0
0.49,0.37,0.14,3.84,2.87,0
0.41,0.64,0.33,1.80,4.44,0
0.58,0.56,-0.19,1.13,3.61,0
0.50,0.58,0.30,0.22,2.69,0
0.55,0.60,0.10,0.50,2.78,0
0.37,0.52,0.17,0.83,6.63,0
0.32,0.30,0.03,1.04,1.42,1
0.31,0.27,0.00,2.31,1.47,0
0.39,0.37,-0.26,0.47,3.75,0
0.24,0.29,-0.15,0.54,0.89,1
0.35,0.60,0.06,1.71,4.58,0
0.37,0.57,0.52,0.83,2.83,0
0.51,0.57,-0.15,0.35,2.65,0
0.27,0.38,0.39,2.13,1.75,0
0.36,0.48,0.15,1.24,2.48,0
0.37,0.15,-0.22,0.63,1.23,1
0.43,0.41,0.14,3.08,4.77,0
0.43,0.19,0.16,0.46,1.87,1
0.13,0.14,0.15,1.82,1.03,0
0.57,0.39,0.29,1.07,4.29,0
0.39,0.65,0.39,1.50,8.59,0
0.31,0.19,0.25,2.86,1.63,0
0.26,0.52,0.12,3.71,2.73,0
0.37,0.33,-0.36,0.58,2.83,0
0.54,0.53,0.12,0.61,6.92,0
0.18,0.31,0.39,0.97,1.82,0
0.23,0.22,0.28,1.15,1.69,1
0.33,0.68,-0.16,3.44,3.61,0
0.14,0.51,-0.05,3.58,1.67,0
0.27,0.32,-0.22,0.94,2.10,1
0.32,0.26,-0.09,1.90,1.47,1
0.06,0.42,-0.09,0.58,1.39,0
0.55,0.68,-0.03,0.27,3.81,1
0.23,0.36,-0.01,2.05,2.76,0
0.25,0.60,-0.26,3.44,2.71,1
0.14,0.30,0.02,0.39,2.19,1
0.34,0.44,0.53,1.96,3.92,0
0.34,0.30,0.45,0.80,1.79,0
0.15,0.22,-0.01,0.37,1.11,0
0.38,0.63,0.21,1.33,4.42,0
0.41,0.53,0.35,2.40,2.96,0
0.47,0.45,0.25,3.08,3.03,0
0.06,0.24,0.07,4.37,1.32,0
0.56,0.51,0.12,3.60,3.55,0
0.48,0.66,-0.10,1.66,3.97,0
0.31,0.36,0.35,0.77,2.84,0
0.10,0.23,0.38,2.36,1.90,0
0.48,0.70,0.10,1.40,4.11,0
0.21,0.44,0.09,0.32,2.56,0
0.57,0.48,0.03,0.62,7.23,0
0.23,0.47,-0.05,2.80,2.12,0
0.07,0.43,-0.17,4.00,1.65,0
0.42,0.69,0.08,0.67,4.06,0
0.03,0.41,0.07,1.28,1.21,1
0.73,0.68,0.07,1.87,9.43,0
0.67,0.67,0.28,1.10,5.55,0
0.33,0.50,0.14,1.98,4.58,0
0.41,0.50,0.32,0.50,5.64,0
0.44,0.44,0.11,0.45,3.24,0
0.46,0.23,0.20,1.08,2.16,0
0.05,0.25,0.10,2.51,1.37,1
0.61,0.73,0.04,3.25,9.77,0
0.47,0.31,0.02,2.96,2.57,0
0.45,0.41,0.15,1.79,1.90,0
0.14,0.39,0.32,1.15,0.82,1
0.20,0.20,0.40,0.37,0.64,1
0.62,0.68,0.14,0.89,4.34,0
0.24,0.50,0.16,1.77,2.25,0
0.21,0.46,0.26,0.05,2.26,0
0.55,0.49,0.11,0.61,3.05,0
0.10,0.39,0.33,0.28,1.69,1
0.63,0.74,0.45,0.64,4.66,0
0.09,0.41,-0.02,0.24,1.49,1
0.49,0.56,0.25,2.25,2.66,0
0.52,0.38,0.36,2.51,3.39,0
0.33,0.23,0.38,0.48,2.02,0
0.43,0.50,0.21,1.16,2.35,1
0.60,0.61,0.42,0.79,3.32,0
0.24,0.26,-0.14,2.86,2.46,0
0.57,0.64,0.29,1.70,6.43,0
0.62,0.36,0.36,0.94,3.38,0
0.58,0.37,-0.07,0.30,3.39,0
0.37,0.12,0.09,1.58,0.94,0
0.49,0.47,-0.01,0.41,3.00,1
0.22,0.37,-0.06,6.03,1.96,0
0.19,0.27,0.20,0.75,2.41,1
0.39,0.58,-0.26,1.85,2.66,0
0.54,0.56,-0.20,2.20,4.32,0
0.39,0.63,0.13,0.35,3.51,0
0.51,0.47,0.22,1.03,2.31,0
0.36,0.31,0.27,3.31,2.20,0
0.42,0.57,0.15,1.02,2.46,0
0.55,0.38,-0.11,0.93,4.18,1
0.57,0.68,0.35,0.63,10.20,0
0.35,0.31,0.01,1.25,1.64,1
0.49,0.48,-0.13,1.42,3.16,0
0.34,0.49,0.52,0.27,3.64,0
0.15,0.31,-0.12,0.58,1.56,1
0.40,0.25,0.27,2.68,2.27,0
0.42,0.19,0.17,0.82,1.46,1
0.38,0.39,-0.28,0.23,2.42,0
0.25,0.52,-0.17,2.22,2.50,0
0.22,0.31,0.03,0.45,1.63,1
0.45,0.47,0.15,1.41,2.85,0
0.36,0.40,0.08,1.03,3.47,1
0.08,0.41,0.25,0.79,1.28,1
0.52,0.34,0.03,0.46,2.49,0
0.46,0.54,0.31,2.42,3.36,0
0.19,0.45,0.22,0.67,2.31,0
0.41,0.40,0.21,1.53,4.16,0
0.21,0.38,0.59,0.58,1.80,0
0.32,0.36,0.43,0.31,2.26,0
0.13,0.50,0.16,5.24,1.79,0
0.40,0.50,0.47,2.58,2.08,0
0.45,0.56,0.70,1.11,3.24,0
0.64,0.50,0.23,0.42,3.55,0
0.49,0.36,0.48,1.62,2.59,0
0.20,0.24,0.19,9.70,1.13,0
0.49,0.69,0.25,0.79,7.28,0
0.30,0.35,-0.02,1.03,3.44,0
0.54,0.38,0.10,1.52,3.96,0
0.34,0.39,0.37,7.08,2.35,0
0.45,0.50,0.08,0.52,4.57,0
0.50,0.73,0.38,0.78,5.40,0
0.44,0.30,-0.05,0.19,2.19,0
0.53,0.41,-0.02,0.49,3.21,1
0.27,0.47,0.24,0.61,1.53,0
0.27,0.51,-0.30,4.27,2.25,0
0.39,0.71,0.18,0.48,7.71,0
0.34,0.27,0.04,0.58,1.98,1
0.20,0.33,0.13,1.82,1.84,0
0.32,0.59,-0.05,1.00,4.30,0
0.37,0.48,-0.20,1.76,6.18,0
0.63,0.53,0.27,0.17,9.35,0
0.09,0.37,0.05,1.79,1.60,0
0.51,0.42,0.01,0.57,3.90,0
0.41,0.56,0.05,0.33,3.46,1
0.21,0.52,0.27,1.15,2.77,0
0.44,0.57,0.05,0.95,4.03,0
0.40,0.62,0.19,0.90,3.43,0
0.33,0.33,0.16,6.14,1.85,0
0.35,0.33,0.11,1.70,2.47,0
0.44,0.68,-0.06,0.51,3.96,1
0.34,0.35,0.10,0.13,1.60,0
0.35,0.44,0.32,1.82,3.70,0
0.23,0.14,-0.01,4.83,1.31,0
0.30,0.28,0.20,1.10,1.94,0
0.60,0.61,-0.01,0.94,3.39,0
0.49,0.47,0.15,1.00,2.48,0
0.38,0.65,0.62,1.67,4.57,0
0.15,0.29,0.17,0.68,1.58,1
0.70,0.51,0.01,0.17,7.33,0
0.59,0.51,0.18,0.94,4.11,0
0.25,0.57,-0.14,1.76,3.11,0
0.06,0.41,-0.03,1.88,1.23,0
0.30,0.41,0.45,0.28,3.64,0
0.45,0.26,-0.08,0.66,1.78,1
0.33,0.41,0.43,8.99,4.11,0
0.37,0.64,0.24,0.61,5.48,0
0.13,0.44,-0.11,1.52,1.61,1
0.35,0.24,0.28,5.15,1.98,0
0.40,0.34,0.22,1.84,1.91,0
0.19,0.43,0.21,0.56,2.10,0
0.27,0.59,0.18,1.22,3.19,0
0.15,0.45,0.03,2.68,1.45,0
0.24,0.38,0.05,0.55,1.97,0
0.39,0.23,0.54,1.90,1.72,1
0.39,0.43,0.19,0.63,2.75,0
0.41,0.32,0.42,1.15,2.21,0
0.23,0.30,-0.06,2.12,2.24,0
0.25,0.35,0.21,0.09,1.74,0
0.41,0.56,0.23,2.40,2.18,0
0.13,0.19,0.25,0.37,1.50,0
0.53,0.59,0.10,1.95,2.62,0
0.37,0.66,0.13,0.21,3.43,0
0.50,0.45,0.51,2.66,5.13,0
0.34,0.48,0.52,4.04,3.84,0
0.33,0.30,0.17,0.23,2.87,0
0.39,0.60,0.08,0.32,6.72,0
0.25,0.39,0.27,0.54,2.66,1
0.45,0.42,0.00,3.26,2.70,0
0.51,0.45,0.16,1.91,3.37,0
0.35,0.51,0.14,3.64,3.94,0
0.54,0.60,-0.20,7.20,4.58,0
0.50,0.68,0.27,2.83,3.92,0
0.24,0.41,0.39,0.68,1.56,1
0.36,0.48,0.52,0.44,3.25,0
0.32,0.51,0.10,0.99,3.49,1
0.51,0.51,0.53,0.36,4.73,0
0.47,0.24,0.08,9.81,2.36,0
0.13,0.21,0.27,0.86,1.96,0
0.57,0.30,0.11,3.03,2.80,0
0.29,0.30,0.07,3.86,2.24,0
0.36,0.44,0.11,0.99,3.26,0
0.40,0.61,-0.01,6.92,4.67,0
0.28,0.13,0.01,2.78,1.21,0
0.48,0.44,0.06,0.40,2.94,0
0.69,0.59,-0.08,0.60,5.82,0
0.40,0.45,0.20,0.22,3.90,0
0.29,0.65,0.19,0.98,2.95,0
0.31,0.45,0.02,0.16,3.61,1
0.39,0.19,0.26,2.06,1.82,0
0.30,0.53,0.42,0.38,3.81,0
0.62,0.55,0.46,0.34,4.64,0
0.44,0.54,0.13,0.28,2.58,1
0.69,0.60,0.01,5.20,6.66,0
0.33,0.59,0.04,0.28,2.75,0
0.63,0.64,0.00,0.58,5.96,0
0.60,0.51,0.25,0.11,3.22,0
0.63,0.66,0.11,4.62,5.69,0
0.35,0.40,0.00,0.17,3.19,1
0.52,0.64,-0.11,2.70,3.19,0
0.46,0.47,0.02,1.13,4.92,0
0.41,0.24,-0.03,0.56,2.33,0
0.35,0.46,0.04,0.26,2.86,0
0.10,0.36,0.13,1.63,0.84,1
